$LOC_BLANK,$BRANCH_COUNT,$LOC_CODE_AND_COMMENT,$LOC_COMMENTS,$CYCLOMATIC_COMPLEXITY,$DESIGN_COMPLEXITY,$ESSENTIAL_COMPLEXITY,$LOC_EXECUTABLE,$HALSTEAD_CONTENT,$HALSTEAD_DIFFICULTY,$HALSTEAD_EFFORT,$HALSTEAD_ERROR_EST,$HALSTEAD_LENGTH,$HALSTEAD_LEVEL,$HALSTEAD_PROG_TIME,$HALSTEAD_VOLUME,$NUM_OPERANDS,$NUM_OPERATORS,$NUM_UNIQUE_OPERANDS,$NUM_UNIQUE_OPERATORS,$LOC_TOTAL,$>Defective
0.0,5.0,0.0,0.0,3.0,3.0,1.0,8.0,9.42,17.0,2723.1,0.05,41.0,0.06,151.28,160.18,17.0,24.0,5.0,10.0,8.0,0
1.0,3.0,0.0,0.0,2.0,2.0,1.0,5.0,13.67,5.71,446.5,0.03,20.0,0.18,24.81,78.14,10.0,10.0,7.0,8.0,5.0,0
18.0,19.0,1.0,58.0,10.0,2.0,5.0,60.0,61.6,40.23,99691.06,0.83,392.0,0.02,5538.39,2478.2,177.0,215.0,55.0,25.0,61.0,0
2.0,3.0,0.0,9.0,2.0,1.0,1.0,10.0,45.89,6.79,2118.25,0.1,68.0,0.15,117.68,311.78,33.0,35.0,17.0,7.0,10.0,0
36.0,13.0,0.0,42.0,7.0,4.0,3.0,120.0,118.33,59.93,424927.99,2.36,1002.0,0.02,23607.11,7090.97,458.0,544.0,107.0,28.0,120.0,1
43.0,39.0,1.0,35.0,22.0,17.0,5.0,107.0,97.32,33.04,106264.81,1.07,464.0,0.03,5903.6,3215.86,194.0,270.0,91.0,31.0,108.0,0
10.0,3.0,0.0,2.0,2.0,2.0,1.0,22.0,49.53,9.52,4487.33,0.16,88.0,0.11,249.3,471.46,41.0,47.0,28.0,13.0,22.0,0
34.0,23.0,0.0,31.0,13.0,7.0,1.0,83.0,73.28,64.54,305254.16,1.58,703.0,0.02,16958.56,4729.73,327.0,376.0,76.0,30.0,83.0,0
17.0,15.0,0.0,7.0,11.0,7.0,1.0,54.0,46.52,27.6,35438.4,0.43,214.0,0.04,1968.8,1284.0,92.0,122.0,40.0,24.0,54.0,0
55.0,40.0,0.0,55.0,25.0,13.0,6.0,153.0,95.98,61.92,367939.9,1.98,841.0,0.02,20441.11,5942.58,379.0,462.0,101.0,33.0,153.0,1
32.0,57.0,0.0,39.0,29.0,5.0,20.0,106.0,92.23,39.86,146524.08,1.23,539.0,0.03,8140.23,3676.08,242.0,297.0,85.0,28.0,106.0,1
9.0,11.0,0.0,10.0,6.0,3.0,3.0,33.0,43.84,34.34,51695.65,0.5,257.0,0.03,2871.98,1505.5,121.0,136.0,37.0,21.0,33.0,0
17.0,24.0,1.0,16.0,14.0,8.0,9.0,83.0,65.3,30.58,61049.26,0.67,295.0,0.03,3391.63,1996.61,119.0,176.0,72.0,37.0,84.0,0
225.0,236.0,2.0,40.0,136.0,123.0,123.0,600.0,246.47,105.26,2730637.23,8.65,2785.0,0.01,151702.06,25942.69,1144.0,1641.0,538.0,99.0,602.0,1
19.0,9.0,0.0,2.0,5.0,1.0,1.0,54.0,148.42,23.87,84587.05,1.18,507.0,0.04,4699.28,3543.26,241.0,266.0,106.0,21.0,54.0,0
27.0,17.0,0.0,20.0,9.0,3.0,1.0,84.0,140.08,46.39,301439.38,2.17,876.0,0.02,16746.63,6498.04,419.0,457.0,140.0,31.0,84.0,1
39.0,40.0,4.0,32.0,25.0,14.0,7.0,103.0,80.95,52.91,226588.75,1.43,619.0,0.02,12588.26,4282.78,260.0,359.0,86.0,35.0,107.0,1
31.0,24.0,0.0,27.0,17.0,12.0,4.0,93.0,70.21,38.18,102358.84,0.89,409.0,0.03,5686.6,2680.83,180.0,229.0,66.0,28.0,93.0,1
56.0,36.0,0.0,50.0,24.0,18.0,9.0,141.0,87.72,51.91,236376.96,1.52,657.0,0.02,13132.05,4553.49,292.0,365.0,90.0,32.0,141.0,1
5.0,9.0,0.0,7.0,5.0,5.0,5.0,29.0,43.84,18.6,15166.52,0.27,146.0,0.05,842.58,815.4,62.0,84.0,30.0,18.0,29.0,1
7.0,9.0,0.0,9.0,5.0,5.0,5.0,29.0,44.67,20.61,18980.62,0.31,164.0,0.05,1054.48,920.81,71.0,93.0,31.0,18.0,29.0,1
4.0,3.0,0.0,7.0,2.0,1.0,1.0,13.0,33.42,14.53,7052.69,0.16,98.0,0.07,391.82,485.51,46.0,52.0,19.0,12.0,13.0,0
5.0,3.0,0.0,4.0,2.0,1.0,1.0,14.0,41.58,15.91,10529.3,0.22,129.0,0.06,584.96,661.68,61.0,68.0,23.0,12.0,14.0,0
10.0,12.0,0.0,18.0,7.0,3.0,1.0,40.0,60.7,32.98,66017.11,0.67,330.0,0.03,3667.62,2001.81,155.0,175.0,47.0,20.0,40.0,0
7.0,3.0,0.0,4.0,2.0,2.0,1.0,14.0,31.45,4.73,702.84,0.05,35.0,0.21,39.05,148.68,13.0,22.0,11.0,8.0,14.0,0
6.0,9.0,1.0,4.0,5.0,1.0,3.0,21.0,19.62,28.29,15698.57,0.19,111.0,0.04,872.14,555.0,44.0,67.0,14.0,18.0,22.0,0
39.0,51.0,1.0,49.0,26.0,23.0,1.0,166.0,218.7,22.35,109272.46,1.63,671.0,0.04,6070.69,4888.5,304.0,367.0,136.0,20.0,167.0,1
37.0,49.0,13.0,23.0,25.0,9.0,21.0,97.0,97.66,45.1,198677.1,1.47,663.0,0.02,11037.62,4404.88,302.0,361.0,77.0,23.0,110.0,1
20.0,12.0,0.0,4.0,7.0,4.0,1.0,27.0,23.63,21.45,10872.53,0.17,94.0,0.05,604.03,506.88,39.0,55.0,20.0,22.0,27.0,1
8.0,11.0,2.0,13.0,6.0,2.0,4.0,23.0,53.64,18.95,19255.97,0.34,175.0,0.05,1069.78,1016.29,80.0,95.0,38.0,18.0,25.0,0
5.0,11.0,0.0,20.0,7.0,1.0,1.0,20.0,17.47,39.33,27034.74,0.23,134.0,0.03,1501.93,687.32,59.0,75.0,15.0,20.0,20.0,0
14.0,9.0,0.0,7.0,7.0,7.0,1.0,42.0,35.76,24.62,21677.08,0.29,156.0,0.04,1204.28,880.44,68.0,88.0,29.0,21.0,42.0,0
6.0,11.0,0.0,1.0,6.0,3.0,1.0,39.0,65.33,12.0,9407.91,0.26,135.0,0.08,522.65,783.99,60.0,75.0,40.0,16.0,39.0,0
1.0,3.0,0.0,3.0,2.0,2.0,1.0,7.0,27.56,6.38,1120.04,0.06,40.0,0.16,62.22,175.69,17.0,23.0,12.0,9.0,7.0,0
4.0,27.0,1.0,4.0,14.0,1.0,9.0,21.0,15.66,31.95,15993.34,0.17,102.0,0.03,888.52,500.5,37.0,65.0,11.0,19.0,22.0,0
3.0,37.0,0.0,0.0,19.0,6.0,11.0,36.0,33.88,39.58,53092.15,0.45,232.0,0.03,2949.56,1341.28,95.0,137.0,30.0,25.0,36.0,0
1.0,13.0,0.0,0.0,7.0,6.0,6.0,17.0,44.6,12.75,7250.82,0.19,110.0,0.08,402.82,568.69,51.0,59.0,24.0,12.0,17.0,0
4.0,21.0,0.0,1.0,11.0,3.0,5.0,29.0,26.43,34.72,31867.04,0.31,161.0,0.03,1770.39,917.77,75.0,86.0,27.0,25.0,29.0,0
1.0,17.0,0.0,0.0,9.0,1.0,9.0,19.0,19.04,26.67,13541.31,0.17,99.0,0.04,752.29,507.8,40.0,59.0,15.0,20.0,19.0,0
4.0,15.0,1.0,1.0,8.0,2.0,4.0,20.0,15.74,26.13,10742.56,0.14,83.0,0.04,596.81,411.2,33.0,50.0,12.0,19.0,21.0,0
4.0,15.0,1.0,1.0,8.0,2.0,4.0,20.0,15.74,26.13,10742.56,0.14,83.0,0.04,596.81,411.2,33.0,50.0,12.0,19.0,21.0,0
1.0,7.0,0.0,0.0,4.0,1.0,1.0,10.0,8.55,23.4,4683.66,0.07,48.0,0.04,260.2,200.16,18.0,30.0,5.0,13.0,10.0,0
2.0,3.0,0.0,0.0,2.0,2.0,1.0,15.0,25.27,11.39,3280.22,0.1,62.0,0.09,182.23,287.92,29.0,33.0,14.0,11.0,15.0,0
1.0,3.0,1.0,0.0,2.0,1.0,1.0,11.0,19.12,6.0,688.28,0.04,31.0,0.17,38.24,114.71,14.0,17.0,7.0,6.0,12.0,0
1.0,3.0,0.0,0.0,2.0,2.0,1.0,11.0,22.15,6.4,907.38,0.05,34.0,0.16,50.41,141.78,16.0,18.0,10.0,8.0,11.0,0
1.0,3.0,0.0,0.0,2.0,2.0,1.0,10.0,38.09,6.5,1609.32,0.08,54.0,0.15,89.41,247.59,26.0,28.0,16.0,8.0,10.0,0
1.0,13.0,0.0,0.0,7.0,3.0,6.0,21.0,20.0,16.25,5282.39,0.11,70.0,0.06,293.47,325.07,30.0,40.0,12.0,13.0,21.0,0
7.0,5.0,3.0,0.0,3.0,1.0,1.0,17.0,27.46,13.36,4903.83,0.12,88.0,0.07,272.44,366.95,42.0,46.0,11.0,7.0,20.0,0
1.0,3.0,0.0,0.0,2.0,1.0,1.0,7.0,8.22,9.0,666.08,0.02,20.0,0.11,37.0,74.01,8.0,12.0,4.0,9.0,7.0,0
2.0,3.0,0.0,0.0,2.0,2.0,1.0,8.0,11.6,10.0,1160.0,0.04,29.0,0.1,64.44,116.0,12.0,17.0,6.0,10.0,8.0,0
1.0,3.0,0.0,0.0,2.0,1.0,1.0,13.0,26.51,7.13,1345.7,0.06,43.0,0.14,74.76,188.87,19.0,24.0,12.0,9.0,13.0,0
9.0,5.0,0.0,0.0,3.0,3.0,1.0,17.0,32.4,9.72,3062.5,0.11,63.0,0.1,170.14,315.0,25.0,38.0,18.0,14.0,17.0,0
19.0,11.0,0.0,5.0,6.0,6.0,6.0,34.0,60.39,17.0,17452.01,0.34,176.0,0.06,969.56,1026.58,68.0,108.0,38.0,19.0,34.0,0
15.0,5.0,0.0,0.0,3.0,3.0,1.0,22.0,45.57,8.11,3004.05,0.12,74.0,0.12,166.89,370.0,31.0,43.0,21.0,11.0,22.0,0
13.0,7.0,0.0,0.0,4.0,4.0,1.0,20.0,32.68,13.91,6322.3,0.15,86.0,0.07,351.24,454.54,36.0,50.0,22.0,17.0,20.0,0
24.0,22.0,0.0,0.0,20.0,19.0,1.0,70.0,52.55,25.62,34502.44,0.45,213.0,0.04,1916.8,1346.57,81.0,132.0,49.0,31.0,70.0,0
3.0,3.0,0.0,1.0,2.0,2.0,1.0,9.0,22.01,7.2,1140.89,0.05,38.0,0.14,63.38,158.46,18.0,20.0,10.0,8.0,9.0,0
15.0,11.0,0.0,15.0,6.0,3.0,1.0,44.0,72.17,16.4,19400.82,0.39,202.0,0.06,1077.82,1183.31,94.0,108.0,43.0,15.0,44.0,0
14.0,3.0,0.0,12.0,2.0,2.0,1.0,41.0,75.92,28.31,60857.94,0.72,343.0,0.04,3381.0,2149.51,151.0,192.0,56.0,21.0,41.0,0
25.0,27.0,0.0,9.0,14.0,10.0,6.0,77.0,83.64,45.0,169364.46,1.25,555.0,0.02,9409.14,3763.65,240.0,315.0,80.0,30.0,77.0,0
9.0,12.0,2.0,0.0,8.0,6.0,4.0,25.0,34.52,16.8,9743.56,0.19,105.0,0.06,541.31,579.97,40.0,65.0,25.0,21.0,27.0,0
18.0,15.0,0.0,5.0,8.0,7.0,3.0,37.0,64.45,24.23,37848.02,0.52,250.0,0.04,2102.67,1561.98,105.0,145.0,52.0,24.0,37.0,0
13.0,17.0,0.0,5.0,9.0,6.0,1.0,33.0,48.43,10.0,4842.62,0.16,96.0,0.1,269.03,484.26,40.0,56.0,22.0,11.0,33.0,0
19.0,17.0,0.0,7.0,9.0,8.0,3.0,41.0,69.56,26.36,48322.11,0.61,290.0,0.04,2684.56,1833.36,123.0,167.0,56.0,24.0,41.0,0
7.0,3.0,0.0,0.0,2.0,2.0,1.0,11.0,22.92,7.0,1123.32,0.05,35.0,0.14,62.41,160.47,14.0,21.0,12.0,12.0,11.0,0
7.0,3.0,0.0,0.0,2.0,2.0,1.0,11.0,22.92,7.0,1123.32,0.05,35.0,0.14,62.41,160.47,14.0,21.0,12.0,12.0,11.0,0
15.0,17.0,0.0,2.0,9.0,5.0,9.0,29.0,47.16,15.35,11107.27,0.24,136.0,0.07,617.07,723.78,57.0,79.0,26.0,14.0,29.0,0
9.0,9.0,0.0,3.0,5.0,3.0,3.0,18.0,27.19,18.86,9667.76,0.17,97.0,0.05,537.1,512.67,44.0,53.0,21.0,18.0,18.0,0
8.0,3.0,0.0,0.0,2.0,2.0,1.0,12.0,30.96,6.07,1141.33,0.06,41.0,0.16,63.41,187.98,17.0,24.0,14.0,10.0,12.0,0
7.0,5.0,0.0,0.0,3.0,3.0,1.0,14.0,33.52,6.43,1385.31,0.07,47.0,0.16,76.96,215.49,18.0,29.0,14.0,10.0,14.0,0
10.0,5.0,0.0,0.0,3.0,3.0,1.0,17.0,29.64,12.63,4729.74,0.12,73.0,0.08,262.76,374.44,30.0,43.0,19.0,16.0,17.0,0
10.0,5.0,0.0,0.0,3.0,3.0,1.0,17.0,27.85,13.33,4951.8,0.12,73.0,0.08,275.1,371.38,30.0,43.0,18.0,16.0,17.0,0
10.0,5.0,0.0,0.0,3.0,3.0,1.0,17.0,29.64,12.63,4729.74,0.12,73.0,0.08,262.76,374.44,30.0,43.0,19.0,16.0,17.0,0
12.0,9.0,0.0,0.0,5.0,4.0,5.0,22.0,38.68,13.94,7516.89,0.18,100.0,0.07,417.61,539.23,41.0,59.0,25.0,17.0,22.0,0
13.0,9.0,0.0,0.0,5.0,4.0,5.0,22.0,36.9,14.52,7779.61,0.18,100.0,0.07,432.2,535.76,41.0,59.0,24.0,17.0,22.0,0
9.0,11.0,0.0,0.0,6.0,3.0,6.0,18.0,29.33,13.18,5091.75,0.13,78.0,0.08,282.87,386.43,32.0,46.0,17.0,14.0,18.0,0
10.0,3.0,0.0,8.0,2.0,2.0,1.0,16.0,60.96,16.47,16530.21,0.33,185.0,0.06,918.35,1003.86,76.0,109.0,30.0,13.0,16.0,0
10.0,7.0,0.0,3.0,4.0,3.0,1.0,20.0,37.83,10.4,4092.01,0.13,78.0,0.1,227.33,393.46,32.0,46.0,20.0,13.0,20.0,0
23.0,13.0,1.0,9.0,7.0,7.0,5.0,35.0,55.33,15.94,14063.19,0.29,154.0,0.06,781.29,882.1,62.0,92.0,35.0,18.0,36.0,0
26.0,21.0,0.0,0.0,11.0,11.0,8.0,61.0,87.87,24.78,53973.44,0.73,359.0,0.04,2998.52,2177.73,158.0,201.0,51.0,16.0,61.0,0
17.0,17.0,0.0,3.0,9.0,5.0,1.0,40.0,48.28,31.25,47150.17,0.5,247.0,0.03,2619.45,1508.81,110.0,137.0,44.0,25.0,40.0,0
12.0,7.0,0.0,0.0,4.0,4.0,1.0,23.0,46.5,11.79,6459.19,0.18,101.0,0.08,358.84,548.05,44.0,57.0,28.0,15.0,23.0,1
8.0,5.0,0.0,2.0,3.0,3.0,1.0,15.0,29.67,10.11,3033.33,0.1,60.0,0.1,168.52,300.0,26.0,34.0,18.0,14.0,15.0,0
6.0,9.0,0.0,0.0,5.0,4.0,3.0,28.0,21.9,24.44,13084.83,0.18,102.0,0.04,726.94,535.29,44.0,58.0,18.0,20.0,28.0,0
24.0,29.0,0.0,34.0,15.0,6.0,5.0,83.0,88.12,40.15,142018.98,1.18,558.0,0.02,7889.94,3537.64,262.0,296.0,62.0,19.0,83.0,0
31.0,37.0,2.0,37.0,19.0,7.0,6.0,101.0,106.19,43.99,205454.31,1.56,716.0,0.02,11414.13,4670.87,338.0,378.0,73.0,19.0,103.0,0
1.0,5.0,0.0,0.0,3.0,1.0,1.0,7.0,11.62,9.75,1104.67,0.04,29.0,0.1,61.37,113.3,13.0,16.0,6.0,9.0,7.0,0
3.0,5.0,2.0,0.0,3.0,2.0,3.0,16.0,29.62,10.74,3416.62,0.11,59.0,0.09,189.81,318.15,26.0,33.0,23.0,19.0,18.0,0
7.0,31.0,7.0,12.0,16.0,6.0,11.0,28.0,34.15,38.26,50005.31,0.44,217.0,0.03,2778.07,1306.85,95.0,122.0,36.0,29.0,35.0,0
2.0,5.0,0.0,0.0,3.0,2.0,1.0,8.0,12.1,13.93,2347.73,0.06,39.0,0.07,130.43,168.56,15.0,24.0,7.0,13.0,8.0,0
1.0,19.0,17.0,0.0,10.0,1.0,8.0,31.0,31.42,46.06,66661.35,0.48,246.0,0.02,3703.41,1447.13,102.0,144.0,31.0,28.0,48.0,0
1.0,5.0,1.0,0.0,3.0,1.0,1.0,10.0,13.96,11.67,1899.9,0.05,36.0,0.09,105.55,162.85,15.0,21.0,9.0,14.0,11.0,0
1.0,15.0,0.0,0.0,8.0,6.0,6.0,29.0,28.38,26.96,20624.52,0.26,141.0,0.04,1145.81,765.1,62.0,79.0,23.0,20.0,29.0,0
2.0,13.0,0.0,0.0,7.0,7.0,4.0,13.0,14.99,30.08,13562.53,0.15,91.0,0.03,753.47,450.83,38.0,53.0,12.0,19.0,13.0,0
12.0,55.0,2.0,0.0,34.0,15.0,17.0,87.0,59.99,53.33,170637.7,1.07,470.0,0.02,9479.87,3199.46,192.0,278.0,72.0,40.0,89.0,0
4.0,37.0,0.0,6.0,20.0,7.0,12.0,50.0,25.8,70.29,127457.2,0.6,307.0,0.01,7080.96,1813.42,123.0,184.0,28.0,32.0,50.0,0
5.0,19.0,0.0,0.0,10.0,6.0,1.0,20.0,27.22,22.09,13284.98,0.2,113.0,0.05,738.05,601.38,54.0,59.0,22.0,18.0,20.0,0
5.0,67.0,1.0,1.0,34.0,30.0,17.0,90.0,179.17,21.38,81861.96,1.28,548.0,0.05,4547.89,3829.8,243.0,305.0,108.0,19.0,91.0,0
9.0,59.0,0.0,1.0,34.0,22.0,15.0,88.0,69.41,44.8,139298.89,1.04,466.0,0.02,7738.83,3109.35,196.0,270.0,70.0,32.0,88.0,0
3.0,19.0,0.0,0.0,10.0,8.0,3.0,45.0,49.15,41.71,85502.74,0.68,319.0,0.02,4750.15,2049.98,148.0,171.0,55.0,31.0,45.0,0
6.0,45.0,2.0,0.0,23.0,19.0,19.0,69.0,61.49,38.76,92377.54,0.79,377.0,0.03,5132.09,2383.37,161.0,216.0,54.0,26.0,71.0,0
10.0,49.0,2.0,1.0,25.0,22.0,19.0,142.0,129.08,40.59,212710.32,1.75,751.0,0.02,11817.24,5239.94,328.0,423.0,101.0,25.0,144.0,0
5.0,33.0,6.0,6.0,17.0,7.0,9.0,57.0,88.87,32.0,91007.81,0.95,429.0,0.03,5055.99,2843.99,200.0,229.0,75.0,24.0,63.0,1
3.0,5.0,0.0,0.0,3.0,1.0,1.0,10.0,9.15,16.25,2416.01,0.05,35.0,0.06,134.22,148.68,15.0,20.0,6.0,13.0,10.0,0
14.0,11.0,2.0,16.0,6.0,3.0,1.0,40.0,35.84,38.68,53612.97,0.46,242.0,0.03,2978.5,1386.16,109.0,133.0,31.0,22.0,42.0,0
80.0,23.0,10.0,18.0,12.0,7.0,8.0,54.0,64.48,36.58,86270.84,0.79,368.0,0.03,4792.82,2358.66,166.0,202.0,59.0,26.0,64.0,1
14.0,13.0,3.0,19.0,7.0,4.0,5.0,28.0,20.59,32.08,21196.67,0.22,125.0,0.03,1177.59,660.68,55.0,70.0,18.0,21.0,31.0,0
19.0,13.0,4.0,21.0,7.0,4.0,5.0,27.0,21.89,30.39,20219.83,0.22,125.0,0.03,1123.32,665.24,55.0,70.0,19.0,21.0,31.0,0
29.0,41.0,17.0,38.0,21.0,10.0,14.0,101.0,129.41,22.73,66879.33,0.98,440.0,0.04,3715.52,2942.06,201.0,239.0,84.0,19.0,118.0,0
19.0,13.0,5.0,19.0,7.0,4.0,5.0,26.0,23.19,28.88,19337.41,0.22,125.0,0.03,1074.3,669.69,55.0,70.0,20.0,21.0,31.0,0
5.0,7.0,0.0,0.0,4.0,1.0,1.0,10.0,6.98,22.1,3409.75,0.05,37.0,0.05,189.43,154.29,17.0,20.0,5.0,13.0,10.0,0
23.0,11.0,1.0,7.0,8.0,5.0,1.0,45.0,41.03,24.91,25462.18,0.34,176.0,0.04,1414.57,1022.09,77.0,99.0,34.0,22.0,46.0,0
30.0,25.0,4.0,4.0,13.0,2.0,12.0,56.0,44.45,28.96,37289.12,0.43,213.0,0.03,2071.62,1287.46,95.0,118.0,41.0,25.0,60.0,0
31.0,39.0,3.0,26.0,20.0,2.0,13.0,60.0,54.85,43.1,101875.76,0.79,375.0,0.02,5659.76,2363.92,166.0,209.0,52.0,27.0,63.0,0
41.0,31.0,3.0,22.0,16.0,4.0,3.0,73.0,67.09,44.63,133660.73,1.0,466.0,0.02,7425.6,2994.64,206.0,260.0,60.0,26.0,76.0,0
122.0,41.0,3.0,35.0,21.0,2.0,3.0,73.0,69.75,30.42,64529.21,0.71,331.0,0.03,3584.96,2121.51,146.0,185.0,60.0,25.0,76.0,0
6.0,7.0,3.0,5.0,4.0,4.0,1.0,5.0,23.69,4.5,479.73,0.04,28.0,0.22,26.65,106.61,12.0,16.0,8.0,6.0,8.0,0
101.0,46.0,12.0,7.0,26.0,11.0,17.0,143.0,95.85,44.73,191759.06,1.43,604.0,0.02,10653.28,4287.21,271.0,333.0,103.0,34.0,155.0,0
48.0,5.0,2.0,26.0,3.0,2.0,3.0,51.0,113.81,16.76,31957.74,0.64,296.0,0.06,1775.43,1907.11,138.0,158.0,70.0,17.0,53.0,0
30.0,18.0,6.0,11.0,10.0,7.0,7.0,43.0,47.89,21.36,21841.82,0.34,168.0,0.05,1213.43,1022.69,69.0,99.0,42.0,26.0,49.0,0
8.0,5.0,1.0,8.0,3.0,1.0,1.0,6.0,15.72,11.0,1901.65,0.06,40.0,0.09,105.65,172.88,18.0,22.0,9.0,11.0,7.0,0
9.0,3.0,1.0,7.0,2.0,1.0,1.0,5.0,16.12,7.5,906.96,0.04,29.0,0.13,50.39,120.93,12.0,17.0,8.0,10.0,6.0,0
28.0,13.0,2.0,7.0,7.0,1.0,7.0,13.0,21.22,17.5,6498.36,0.12,79.0,0.06,361.02,371.33,35.0,44.0,13.0,13.0,15.0,0
8.0,14.0,9.0,4.0,9.0,9.0,1.0,25.0,49.99,23.34,27225.87,0.39,200.0,0.04,1512.55,1166.58,69.0,131.0,34.0,23.0,34.0,0
18.0,21.0,13.0,14.0,11.0,6.0,1.0,57.0,114.46,26.63,81152.69,1.02,434.0,0.04,4508.48,3047.71,194.0,240.0,102.0,28.0,70.0,1
6.0,9.0,1.0,3.0,5.0,3.0,5.0,10.0,19.49,9.75,1852.4,0.06,42.0,0.1,102.91,189.99,15.0,27.0,10.0,13.0,11.0,0
49.0,178.0,48.0,71.0,106.0,82.0,41.0,457.0,272.58,75.93,1571506.88,6.9,2339.0,0.01,87305.94,20696.93,942.0,1397.0,397.0,64.0,505.0,1
10.0,7.0,3.0,10.0,4.0,1.0,1.0,22.0,49.56,15.25,11526.14,0.25,143.0,0.07,640.34,755.81,61.0,82.0,26.0,13.0,25.0,0
18.0,9.0,4.0,15.0,5.0,1.0,1.0,28.0,39.43,20.33,16303.48,0.27,146.0,0.05,905.75,801.81,61.0,85.0,27.0,18.0,32.0,0
21.0,20.0,6.0,20.0,12.0,7.0,1.0,71.0,47.35,53.47,135395.77,0.84,393.0,0.02,7521.99,2532.08,175.0,218.0,54.0,33.0,77.0,0
7.0,7.0,5.0,6.0,4.0,1.0,1.0,19.0,36.57,16.0,9362.4,0.2,116.0,0.06,520.13,585.15,56.0,60.0,21.0,12.0,24.0,1
6.0,3.0,1.0,5.0,2.0,2.0,1.0,8.0,19.93,3.0,179.38,0.02,18.0,0.33,9.97,59.79,6.0,12.0,5.0,5.0,9.0,0
6.0,3.0,1.0,7.0,2.0,2.0,1.0,10.0,30.11,2.86,245.83,0.03,24.0,0.35,13.66,86.04,8.0,16.0,7.0,5.0,11.0,0
4.0,3.0,1.0,3.0,2.0,1.0,1.0,9.0,18.85,8.89,1489.65,0.06,41.0,0.11,82.76,167.59,20.0,21.0,9.0,8.0,10.0,0
5.0,9.0,3.0,9.0,5.0,1.0,5.0,15.0,26.32,13.68,4923.53,0.12,72.0,0.07,273.53,360.0,31.0,41.0,17.0,15.0,18.0,0
4.0,3.0,1.0,3.0,2.0,1.0,1.0,14.0,40.13,12.11,5880.71,0.16,100.0,0.08,326.71,485.8,46.0,54.0,19.0,10.0,15.0,0
3.0,11.0,3.0,5.0,6.0,4.0,1.0,15.0,40.56,8.89,3204.9,0.12,75.0,0.11,178.05,360.55,32.0,43.0,18.0,10.0,18.0,0
2.0,11.0,2.0,10.0,6.0,3.0,6.0,26.0,70.03,10.63,7911.0,0.25,134.0,0.09,439.5,744.31,62.0,72.0,35.0,12.0,28.0,0
5.0,3.0,1.0,3.0,2.0,1.0,1.0,11.0,30.49,7.71,1814.59,0.08,52.0,0.13,100.81,235.23,24.0,28.0,14.0,9.0,12.0,0
2.0,9.0,5.0,10.0,5.0,5.0,1.0,24.0,65.97,11.51,8745.73,0.25,136.0,0.09,485.87,759.55,62.0,74.0,35.0,13.0,29.0,0
2.0,3.0,1.0,0.0,2.0,1.0,1.0,10.0,14.55,10.56,1623.78,0.05,35.0,0.09,90.21,153.73,13.0,22.0,8.0,13.0,11.0,0
4.0,5.0,1.0,3.0,3.0,1.0,1.0,11.0,21.4,12.0,3081.09,0.09,56.0,0.08,171.17,256.76,24.0,32.0,12.0,12.0,12.0,0
8.0,7.0,2.0,6.0,4.0,1.0,1.0,15.0,31.88,12.28,4805.3,0.13,79.0,0.08,266.96,391.38,34.0,45.0,18.0,13.0,17.0,1
9.0,11.0,5.0,12.0,6.0,4.0,1.0,27.0,44.03,18.65,15307.48,0.27,147.0,0.05,850.42,820.99,68.0,79.0,31.0,17.0,32.0,0
2.0,3.0,1.0,0.0,2.0,1.0,1.0,10.0,14.15,11.67,1925.68,0.06,36.0,0.09,106.98,165.06,14.0,22.0,9.0,15.0,11.0,0
9.0,7.0,1.0,11.0,4.0,2.0,1.0,21.0,26.56,20.91,11613.09,0.19,103.0,0.05,645.17,555.41,46.0,57.0,22.0,20.0,22.0,0
2.0,3.0,1.0,1.0,2.0,1.0,1.0,12.0,26.28,12.33,3997.78,0.11,75.0,0.08,222.1,324.14,37.0,38.0,12.0,8.0,13.0,0
6.0,9.0,2.0,4.0,5.0,2.0,1.0,12.0,15.86,20.0,6345.71,0.11,66.0,0.05,352.54,317.29,30.0,36.0,12.0,16.0,14.0,0
7.0,9.0,3.0,12.0,5.0,3.0,3.0,27.0,51.99,14.53,10977.26,0.25,136.0,0.07,609.85,755.42,62.0,74.0,32.0,15.0,30.0,0
3.0,3.0,0.0,0.0,2.0,1.0,1.0,12.0,38.44,12.6,6102.12,0.16,91.0,0.08,339.01,484.3,42.0,49.0,25.0,15.0,12.0,0
1.0,9.0,0.0,0.0,5.0,3.0,5.0,21.0,24.27,24.0,13980.48,0.19,111.0,0.04,776.69,582.52,48.0,63.0,19.0,19.0,21.0,0
1.0,5.0,0.0,0.0,3.0,3.0,1.0,12.0,19.82,16.0,5073.1,0.11,64.0,0.06,281.84,317.07,30.0,34.0,15.0,16.0,12.0,0
1.0,3.0,0.0,0.0,2.0,2.0,1.0,8.0,14.35,10.4,1552.49,0.05,33.0,0.1,86.25,149.28,16.0,17.0,10.0,13.0,8.0,0
2.0,13.0,2.0,0.0,8.0,8.0,5.0,37.0,41.04,18.7,14355.42,0.26,134.0,0.05,797.52,767.54,57.0,77.0,32.0,21.0,39.0,0
5.0,15.0,0.0,3.0,8.0,8.0,1.0,39.0,39.25,24.9,24336.47,0.33,175.0,0.04,1352.03,977.37,83.0,92.0,30.0,18.0,39.0,0
3.0,19.0,0.0,0.0,10.0,6.0,1.0,36.0,58.73,14.58,12491.15,0.29,151.0,0.07,693.95,856.54,70.0,81.0,36.0,15.0,36.0,0
1.0,19.0,0.0,0.0,13.0,9.0,3.0,43.0,50.81,20.63,21613.73,0.35,176.0,0.05,1200.76,1047.94,75.0,101.0,40.0,22.0,43.0,0
17.0,57.0,24.0,38.0,29.0,9.0,8.0,66.0,163.74,20.69,70100.61,1.13,488.0,0.05,3894.48,3387.95,201.0,287.0,102.0,21.0,90.0,1
3.0,7.0,0.0,0.0,4.0,2.0,4.0,6.0,19.97,7.7,1183.73,0.05,35.0,0.13,65.76,153.73,14.0,21.0,10.0,11.0,6.0,0
10.0,41.0,10.0,16.0,21.0,6.0,1.0,62.0,143.69,16.92,41152.73,0.81,371.0,0.06,2286.26,2431.75,165.0,206.0,78.0,16.0,72.0,0
16.0,27.0,1.0,20.0,14.0,1.0,5.0,36.0,27.54,29.7,24290.93,0.27,174.0,0.03,1349.5,817.88,81.0,93.0,15.0,11.0,37.0,0
8.0,3.0,1.0,3.0,2.0,2.0,1.0,28.0,72.35,9.93,7127.8,0.24,140.0,0.1,395.99,718.1,67.0,73.0,27.0,8.0,29.0,1
3.0,15.0,5.0,9.0,8.0,4.0,1.0,20.0,50.38,12.13,7410.9,0.2,110.0,0.08,411.72,611.0,47.0,63.0,31.0,16.0,25.0,1
3.0,5.0,1.0,2.0,3.0,2.0,1.0,9.0,27.77,9.19,2344.27,0.09,52.0,0.11,130.24,255.16,21.0,31.0,16.0,14.0,10.0,0
4.0,5.0,1.0,3.0,3.0,2.0,1.0,11.0,31.09,12.37,4760.62,0.13,75.0,0.08,264.48,384.7,33.0,42.0,20.0,15.0,12.0,0
3.0,9.0,3.0,4.0,5.0,2.0,1.0,13.0,39.65,12.16,5863.3,0.16,90.0,0.08,325.74,482.18,38.0,52.0,25.0,16.0,16.0,1
3.0,5.0,1.0,2.0,3.0,2.0,1.0,9.0,27.77,9.19,2344.27,0.09,52.0,0.11,130.24,255.16,21.0,31.0,16.0,14.0,10.0,0
4.0,7.0,2.0,7.0,4.0,2.0,1.0,12.0,32.54,10.88,3848.89,0.12,69.0,0.09,213.83,353.92,29.0,40.0,20.0,15.0,14.0,1
17.0,23.0,1.0,15.0,12.0,1.0,1.0,68.0,160.24,23.38,87570.07,1.25,536.0,0.04,4865.0,3745.93,236.0,300.0,106.0,21.0,69.0,1
11.0,17.0,7.0,31.0,11.0,4.0,1.0,34.0,44.18,22.67,22710.3,0.33,171.0,0.04,1261.68,1001.71,69.0,102.0,35.0,23.0,41.0,0
1.0,5.0,2.0,1.0,3.0,3.0,1.0,8.0,22.95,7.27,1213.88,0.06,38.0,0.14,67.44,166.91,16.0,22.0,11.0,10.0,10.0,0
5.0,11.0,5.0,10.0,6.0,6.0,1.0,37.0,169.61,8.26,11574.36,0.47,221.0,0.12,643.02,1401.11,95.0,126.0,69.0,12.0,42.0,0
3.0,7.0,2.0,1.0,4.0,2.0,1.0,10.0,32.81,8.31,2263.1,0.09,55.0,0.12,125.73,272.48,23.0,32.0,18.0,13.0,12.0,0
24.0,38.0,12.0,41.0,21.0,18.0,5.0,97.0,89.79,28.37,72282.68,0.85,381.0,0.04,4015.7,2547.56,152.0,229.0,75.0,28.0,109.0,1
2.0,5.0,1.0,0.0,3.0,2.0,1.0,19.0,39.02,15.11,8909.79,0.2,108.0,0.07,494.99,589.62,48.0,60.0,27.0,17.0,20.0,0
18.0,19.0,0.0,15.0,10.0,7.0,9.0,47.0,88.97,15.9,22487.01,0.47,230.0,0.06,1249.28,1414.44,101.0,129.0,54.0,17.0,47.0,0
9.0,5.0,0.0,0.0,3.0,3.0,1.0,15.0,32.35,7.7,1918.25,0.08,53.0,0.13,106.57,249.12,21.0,32.0,15.0,11.0,15.0,1
4.0,3.0,0.0,2.0,2.0,2.0,1.0,9.0,23.29,7.08,1168.74,0.05,37.0,0.14,64.93,165.0,17.0,20.0,12.0,10.0,9.0,0
18.0,11.0,0.0,7.0,6.0,6.0,3.0,40.0,55.79,31.11,53996.81,0.58,273.0,0.03,2999.82,1735.61,120.0,153.0,54.0,28.0,40.0,0
11.0,7.0,0.0,0.0,4.0,4.0,1.0,20.0,34.43,13.3,6089.69,0.15,90.0,0.08,338.32,457.87,38.0,52.0,20.0,14.0,20.0,0
12.0,5.0,0.0,3.0,3.0,3.0,1.0,20.0,33.27,13.09,5702.11,0.15,83.0,0.08,316.78,435.58,36.0,47.0,22.0,16.0,20.0,0
8.0,13.0,0.0,2.0,7.0,3.0,7.0,16.0,19.37,22.0,9373.21,0.14,97.0,0.05,520.73,426.05,40.0,57.0,10.0,11.0,16.0,0
14.0,5.0,0.0,0.0,3.0,3.0,1.0,22.0,45.57,8.11,3004.05,0.12,74.0,0.12,166.89,370.0,31.0,43.0,21.0,11.0,22.0,0
9.0,5.0,0.0,1.0,3.0,3.0,1.0,15.0,25.82,11.67,3513.94,0.1,62.0,0.09,195.22,301.19,25.0,37.0,15.0,14.0,15.0,0
19.0,17.0,0.0,0.0,15.0,14.0,1.0,55.0,48.69,19.67,18831.94,0.32,159.0,0.05,1046.22,957.56,59.0,100.0,39.0,26.0,55.0,0
14.0,5.0,1.0,9.0,3.0,2.0,1.0,27.0,75.95,8.79,5865.3,0.22,123.0,0.11,325.85,667.43,58.0,65.0,33.0,10.0,28.0,0
23.0,51.0,0.0,13.0,26.0,1.0,13.0,72.0,67.01,40.21,108344.7,0.9,425.0,0.02,6019.15,2694.44,191.0,234.0,57.0,24.0,72.0,0
8.0,3.0,0.0,4.0,2.0,1.0,1.0,35.0,100.04,13.22,17485.4,0.44,213.0,0.08,971.41,1322.61,104.0,109.0,59.0,15.0,35.0,0
15.0,5.0,1.0,8.0,3.0,2.0,1.0,39.0,74.49,28.18,59167.8,0.7,334.0,0.04,3287.1,2099.32,153.0,181.0,57.0,21.0,40.0,0
8.0,3.0,0.0,1.0,2.0,2.0,1.0,14.0,31.25,9.28,2692.01,0.1,61.0,0.11,149.56,290.05,27.0,34.0,16.0,11.0,14.0,0
7.0,10.0,2.0,0.0,6.0,4.0,4.0,19.0,27.09,15.5,6507.43,0.14,80.0,0.06,361.52,419.83,31.0,49.0,19.0,19.0,21.0,0
11.0,17.0,0.0,3.0,9.0,5.0,9.0,27.0,39.0,12.68,6265.89,0.16,98.0,0.08,348.11,494.35,39.0,59.0,20.0,13.0,27.0,0
7.0,3.0,0.0,3.0,2.0,2.0,1.0,13.0,21.63,18.0,7009.12,0.13,81.0,0.06,389.4,389.4,36.0,45.0,14.0,14.0,13.0,0
6.0,3.0,0.0,0.0,2.0,1.0,1.0,9.0,18.88,8.44,1346.14,0.05,39.0,0.12,74.79,159.41,19.0,20.0,9.0,8.0,9.0,0
8.0,3.0,0.0,0.0,2.0,2.0,1.0,12.0,30.96,6.07,1141.33,0.06,41.0,0.16,63.41,187.98,17.0,24.0,14.0,10.0,12.0,0
20.0,13.0,0.0,16.0,7.0,6.0,3.0,40.0,55.34,17.53,16997.52,0.32,167.0,0.06,944.31,969.83,74.0,93.0,38.0,18.0,40.0,0
22.0,19.0,0.0,19.0,10.0,7.0,5.0,50.0,69.97,32.88,75642.93,0.77,351.0,0.03,4202.39,2300.66,155.0,196.0,66.0,28.0,50.0,0
7.0,5.0,0.0,1.0,3.0,3.0,1.0,12.0,19.74,11.67,2687.08,0.08,49.0,0.09,149.28,230.32,20.0,29.0,12.0,14.0,12.0,0
11.0,13.0,0.0,0.0,7.0,4.0,7.0,23.0,33.12,15.84,8311.04,0.17,104.0,0.06,461.72,524.62,43.0,61.0,19.0,14.0,23.0,0
8.0,3.0,0.0,1.0,2.0,2.0,1.0,13.0,24.36,8.77,1873.26,0.07,46.0,0.11,104.07,213.62,19.0,27.0,13.0,12.0,13.0,0
28.0,27.0,0.0,10.0,14.0,11.0,9.0,51.0,68.42,21.88,32737.87,0.5,245.0,0.05,1818.77,1496.59,100.0,145.0,48.0,21.0,51.0,0
8.0,5.0,0.0,2.0,3.0,3.0,1.0,15.0,29.67,10.11,3033.33,0.1,60.0,0.1,168.52,300.0,26.0,34.0,18.0,14.0,15.0,0
1.0,3.0,0.0,0.0,2.0,1.0,1.0,12.0,16.65,4.67,362.64,0.03,21.0,0.21,20.15,77.71,8.0,13.0,6.0,7.0,12.0,0
1.0,13.0,0.0,0.0,7.0,3.0,1.0,27.0,18.92,19.63,7291.52,0.12,73.0,0.05,405.08,371.38,31.0,42.0,15.0,19.0,27.0,0
1.0,3.0,0.0,0.0,2.0,1.0,1.0,7.0,14.51,4.2,255.97,0.02,17.0,0.24,14.22,60.94,6.0,11.0,5.0,7.0,7.0,0
11.0,9.0,0.0,4.0,5.0,5.0,1.0,48.0,59.96,20.2,24477.25,0.4,197.0,0.05,1359.85,1211.5,90.0,107.0,49.0,22.0,48.0,0
4.0,3.0,0.0,0.0,2.0,2.0,1.0,17.0,27.97,23.08,14896.06,0.22,139.0,0.04,827.56,645.5,50.0,89.0,13.0,12.0,17.0,0
1.0,5.0,0.0,0.0,3.0,1.0,1.0,17.0,21.5,7.15,1099.18,0.05,35.0,0.14,61.07,153.73,13.0,22.0,10.0,11.0,17.0,0
0.0,3.0,0.0,0.0,2.0,1.0,1.0,8.0,17.2,6.67,764.63,0.04,27.0,0.15,42.48,114.69,12.0,15.0,9.0,10.0,8.0,0
0.0,11.0,0.0,0.0,8.0,1.0,1.0,17.0,16.16,19.2,5956.4,0.1,66.0,0.05,330.91,310.23,24.0,42.0,10.0,16.0,17.0,0
1.0,3.0,0.0,0.0,2.0,1.0,1.0,17.0,19.85,16.82,5614.18,0.11,76.0,0.06,311.9,333.82,37.0,39.0,11.0,10.0,17.0,0
8.0,52.0,0.0,7.0,28.0,17.0,22.0,66.0,50.98,46.25,109073.64,0.79,366.0,0.02,6059.65,2358.12,159.0,207.0,55.0,32.0,66.0,0
1.0,7.0,0.0,0.0,4.0,3.0,3.0,12.0,18.68,12.83,3076.44,0.08,51.0,0.08,170.91,239.72,22.0,29.0,12.0,14.0,12.0,0
16.0,11.0,3.0,6.0,6.0,5.0,1.0,59.0,66.95,25.45,43359.38,0.57,268.0,0.04,2408.85,1703.82,123.0,145.0,58.0,24.0,62.0,0
0.0,3.0,0.0,0.0,2.0,1.0,1.0,8.0,17.2,6.67,764.63,0.04,27.0,0.15,42.48,114.69,12.0,15.0,9.0,10.0,8.0,0
32.0,12.0,16.0,73.0,8.0,8.0,1.0,48.0,52.7,22.28,26165.5,0.39,198.0,0.04,1453.64,1174.29,79.0,119.0,39.0,22.0,64.0,1
7.0,13.0,0.0,6.0,7.0,4.0,1.0,21.0,32.59,13.12,5614.09,0.14,91.0,0.08,311.89,427.74,42.0,49.0,16.0,10.0,21.0,0
6.0,9.0,1.0,24.0,5.0,4.0,1.0,20.0,20.4,14.34,4196.62,0.1,58.0,0.07,233.15,292.57,27.0,31.0,16.0,17.0,21.0,0
0.0,3.0,0.0,0.0,2.0,2.0,1.0,4.0,9.51,3.0,85.59,0.01,9.0,0.33,4.75,28.53,3.0,6.0,3.0,6.0,4.0,0
7.0,5.0,0.0,2.0,3.0,3.0,1.0,23.0,37.53,13.2,6539.54,0.17,100.0,0.08,363.31,495.42,48.0,52.0,20.0,11.0,23.0,0
0.0,3.0,0.0,0.0,2.0,2.0,1.0,4.0,12.17,8.4,858.37,0.03,25.0,0.12,47.69,102.19,7.0,18.0,5.0,12.0,4.0,0
1.0,11.0,0.0,1.0,6.0,2.0,4.0,14.0,16.12,22.73,8332.05,0.12,74.0,0.04,462.89,366.61,25.0,49.0,11.0,20.0,14.0,0
0.0,3.0,0.0,0.0,2.0,2.0,1.0,7.0,8.41,10.13,861.74,0.03,23.0,0.1,47.87,85.11,9.0,14.0,4.0,9.0,7.0,0
1.0,3.0,0.0,2.0,2.0,2.0,1.0,7.0,15.23,5.0,380.74,0.03,20.0,0.2,21.15,76.15,10.0,10.0,7.0,7.0,7.0,0
0.0,9.0,0.0,0.0,5.0,4.0,1.0,17.0,24.55,23.68,13769.86,0.19,110.0,0.04,764.99,581.39,45.0,65.0,19.0,20.0,17.0,0
9.0,11.0,0.0,6.0,6.0,2.0,5.0,29.0,36.38,24.0,20956.91,0.29,159.0,0.04,1164.27,873.2,72.0,87.0,27.0,18.0,29.0,0
2.0,7.0,0.0,0.0,4.0,3.0,1.0,13.0,14.24,12.75,2314.39,0.06,42.0,0.08,128.58,181.52,17.0,25.0,8.0,12.0,13.0,0
1.0,3.0,0.0,0.0,2.0,1.0,1.0,6.0,15.9,6.43,656.91,0.03,25.0,0.16,36.5,102.19,9.0,16.0,7.0,10.0,6.0,0
1.0,7.0,0.0,0.0,4.0,2.0,3.0,13.0,15.39,20.17,6258.43,0.1,61.0,0.05,347.69,310.34,22.0,39.0,12.0,22.0,13.0,0
1.0,11.0,1.0,0.0,6.0,2.0,6.0,20.0,21.74,20.19,8859.53,0.15,87.0,0.05,492.2,438.86,38.0,49.0,16.0,17.0,21.0,0
1.0,15.0,0.0,1.0,8.0,8.0,8.0,19.0,23.36,18.35,7869.25,0.14,85.0,0.05,437.18,428.77,39.0,46.0,17.0,16.0,19.0,0
2.0,7.0,0.0,2.0,4.0,3.0,3.0,16.0,35.44,9.9,3476.92,0.12,69.0,0.1,193.16,351.03,32.0,37.0,21.0,13.0,16.0,0
1.0,5.0,0.0,1.0,3.0,3.0,3.0,7.0,19.38,5.06,496.63,0.03,24.0,0.2,27.59,98.1,9.0,15.0,8.0,9.0,7.0,0
1.0,5.0,0.0,1.0,3.0,2.0,1.0,9.0,10.79,14.57,2290.24,0.05,37.0,0.07,127.24,157.17,17.0,20.0,7.0,12.0,9.0,0
1.0,9.0,0.0,1.0,5.0,3.0,3.0,14.0,27.69,10.11,2831.11,0.09,56.0,0.1,157.28,280.0,26.0,30.0,18.0,14.0,14.0,0
2.0,143.0,0.0,0.0,72.0,71.0,70.0,58.0,89.69,33.23,99019.72,0.99,483.0,0.03,5501.1,2980.07,215.0,268.0,55.0,17.0,58.0,0
1.0,9.0,0.0,2.0,5.0,5.0,5.0,10.0,14.4,16.0,3685.14,0.08,49.0,0.06,204.73,230.32,20.0,29.0,10.0,16.0,10.0,0
1.0,9.0,0.0,2.0,5.0,5.0,5.0,10.0,13.06,16.0,3343.58,0.07,45.0,0.06,185.75,208.97,18.0,27.0,9.0,16.0,10.0,0
1.0,5.0,0.0,1.0,3.0,2.0,1.0,10.0,12.54,12.75,2038.87,0.05,37.0,0.08,113.27,159.91,17.0,20.0,8.0,12.0,10.0,0
1.0,5.0,0.0,1.0,3.0,3.0,1.0,13.0,19.11,10.5,2107.08,0.07,45.0,0.1,117.06,200.67,21.0,24.0,11.0,11.0,13.0,0
1.0,3.0,0.0,0.0,2.0,2.0,1.0,3.0,11.23,14.0,2200.43,0.05,37.0,0.07,122.25,157.17,10.0,27.0,5.0,14.0,3.0,0
2.0,7.0,0.0,0.0,4.0,2.0,1.0,10.0,16.12,14.3,3299.03,0.08,51.0,0.07,183.28,230.7,22.0,29.0,10.0,13.0,10.0,0
2.0,13.0,0.0,0.0,7.0,5.0,6.0,13.0,7.8,43.5,14758.99,0.11,74.0,0.02,819.94,339.29,29.0,45.0,6.0,18.0,13.0,0
2.0,9.0,0.0,0.0,5.0,4.0,4.0,8.0,7.35,21.12,3281.21,0.05,38.0,0.05,182.29,155.32,13.0,25.0,4.0,13.0,8.0,0
0.0,3.0,0.0,0.0,2.0,2.0,1.0,6.0,11.86,8.67,890.92,0.03,27.0,0.12,49.5,102.8,13.0,14.0,6.0,8.0,6.0,0
1.0,11.0,0.0,0.0,6.0,2.0,6.0,18.0,22.75,20.0,9099.07,0.15,88.0,0.05,505.5,454.95,40.0,48.0,18.0,18.0,18.0,0
2.0,15.0,0.0,0.0,8.0,8.0,1.0,27.0,31.82,22.41,15978.01,0.24,127.0,0.04,887.67,713.07,55.0,72.0,27.0,22.0,27.0,0
4.0,5.0,0.0,0.0,3.0,2.0,1.0,7.0,13.13,11.0,1588.72,0.05,34.0,0.09,88.26,144.43,16.0,18.0,8.0,11.0,7.0,0
1.0,5.0,0.0,0.0,3.0,3.0,3.0,13.0,19.41,12.83,3197.08,0.08,53.0,0.08,177.62,249.12,22.0,31.0,12.0,14.0,13.0,0
3.0,15.0,0.0,0.0,8.0,6.0,5.0,21.0,37.88,20.9,16545.99,0.26,141.0,0.05,919.22,791.67,66.0,75.0,30.0,19.0,21.0,0
13.0,71.0,4.0,1.0,36.0,24.0,15.0,84.0,118.25,29.92,105895.19,1.18,516.0,0.03,5883.07,3538.72,242.0,274.0,93.0,23.0,88.0,0
1.0,5.0,0.0,0.0,3.0,1.0,1.0,8.0,13.45,12.44,2082.85,0.06,37.0,0.08,115.71,167.37,16.0,21.0,9.0,14.0,8.0,0
5.0,23.0,1.0,1.0,12.0,9.0,10.0,50.0,55.26,29.75,48911.24,0.55,272.0,0.03,2717.29,1644.08,119.0,153.0,44.0,22.0,51.0,0
1.0,5.0,0.0,0.0,3.0,3.0,3.0,13.0,35.93,5.63,1136.92,0.07,43.0,0.18,63.16,202.12,18.0,25.0,16.0,10.0,13.0,0
2.0,13.0,0.0,3.0,7.0,4.0,7.0,20.0,25.13,19.0,9073.67,0.16,91.0,0.05,504.09,477.56,38.0,53.0,19.0,19.0,20.0,0
4.0,19.0,0.0,0.0,10.0,9.0,1.0,12.0,17.25,32.88,18654.39,0.19,118.0,0.03,1036.34,567.27,57.0,61.0,13.0,15.0,12.0,0
6.0,35.0,0.0,1.0,18.0,11.0,12.0,62.0,50.27,39.28,77553.76,0.66,319.0,0.03,4308.54,1974.55,142.0,177.0,47.0,26.0,62.0,0
1.0,19.0,1.0,0.0,10.0,5.0,7.0,20.0,31.94,20.33,13197.22,0.22,122.0,0.05,733.18,649.28,55.0,67.0,23.0,17.0,21.0,0
1.0,3.0,0.0,0.0,2.0,2.0,1.0,6.0,21.31,4.5,431.59,0.03,23.0,0.22,23.98,95.91,9.0,14.0,9.0,9.0,6.0,0
4.0,3.0,0.0,0.0,2.0,2.0,1.0,10.0,34.4,4.0,550.43,0.05,33.0,0.25,30.58,137.61,16.0,17.0,12.0,6.0,10.0,0
2.0,21.0,0.0,0.0,11.0,3.0,3.0,21.0,35.91,25.31,23011.32,0.3,172.0,0.04,1278.41,909.09,81.0,91.0,24.0,15.0,21.0,0
0.0,5.0,0.0,0.0,3.0,3.0,1.0,10.0,25.87,9.0,2095.13,0.08,53.0,0.11,116.4,232.79,24.0,29.0,12.0,9.0,10.0,0
3.0,51.0,0.0,0.0,26.0,16.0,22.0,82.0,83.45,34.68,100348.96,0.96,448.0,0.03,5574.94,2893.83,196.0,252.0,65.0,23.0,82.0,0
2.0,11.0,7.0,1.0,6.0,3.0,5.0,18.0,43.77,11.31,5596.62,0.16,93.0,0.09,310.92,494.94,42.0,51.0,26.0,14.0,25.0,0
17.0,51.0,35.0,159.0,33.0,27.0,13.0,218.0,109.99,72.75,582205.62,2.67,1054.0,0.01,32344.76,8002.45,452.0,602.0,146.0,47.0,253.0,0
2.0,5.0,1.0,0.0,3.0,2.0,1.0,14.0,19.11,10.5,2107.08,0.07,45.0,0.1,117.06,200.67,21.0,24.0,11.0,11.0,15.0,0
11.0,13.0,12.0,0.0,7.0,4.0,1.0,49.0,96.31,19.66,37229.33,0.63,304.0,0.05,2068.3,1893.56,145.0,159.0,59.0,16.0,61.0,1
9.0,13.0,7.0,4.0,7.0,6.0,1.0,40.0,67.47,13.2,11756.11,0.3,149.0,0.08,653.12,890.61,66.0,83.0,45.0,18.0,47.0,1
1.0,13.0,9.0,0.0,5.0,3.0,1.0,36.0,50.26,14.66,10796.83,0.25,128.0,0.07,599.82,736.63,54.0,74.0,35.0,19.0,45.0,0
2.0,7.0,0.0,0.0,4.0,1.0,1.0,14.0,21.83,21.53,10120.67,0.16,94.0,0.05,562.26,470.0,38.0,56.0,15.0,17.0,14.0,0
1.0,3.0,0.0,0.0,2.0,2.0,1.0,5.0,10.99,6.4,449.97,0.02,19.0,0.16,25.0,70.31,8.0,11.0,5.0,8.0,5.0,0
0.0,11.0,0.0,0.0,6.0,4.0,1.0,22.0,33.56,12.02,4852.71,0.13,80.0,0.08,269.59,403.55,37.0,43.0,20.0,13.0,22.0,0
0.0,3.0,0.0,0.0,2.0,1.0,1.0,11.0,16.61,3.0,149.49,0.02,15.0,0.33,8.3,49.83,4.0,11.0,4.0,6.0,11.0,0
1.0,7.0,0.0,0.0,4.0,1.0,3.0,14.0,15.86,13.3,2805.08,0.07,46.0,0.08,155.84,210.91,19.0,27.0,10.0,14.0,14.0,0
0.0,3.0,0.0,0.0,2.0,2.0,1.0,11.0,15.77,6.87,745.37,0.04,26.0,0.15,41.41,108.42,11.0,15.0,8.0,10.0,11.0,0
9.0,9.0,0.0,5.0,5.0,4.0,3.0,21.0,16.41,15.0,3691.87,0.08,53.0,0.07,205.1,246.12,20.0,33.0,10.0,15.0,21.0,0
0.0,3.0,0.0,0.0,2.0,2.0,1.0,9.0,16.25,8.89,1283.82,0.05,34.0,0.11,71.32,144.43,16.0,18.0,9.0,10.0,9.0,0
2.0,5.0,0.0,0.0,3.0,1.0,1.0,10.0,13.14,8.17,876.39,0.04,29.0,0.12,48.69,107.31,14.0,15.0,6.0,7.0,10.0,0
1.0,7.0,0.0,0.0,4.0,2.0,1.0,21.0,34.66,14.24,7026.27,0.16,97.0,0.07,390.35,493.48,46.0,51.0,21.0,13.0,21.0,0
5.0,15.0,0.0,0.0,8.0,4.0,1.0,34.0,56.82,11.24,7181.41,0.21,115.0,0.09,398.97,638.78,53.0,62.0,33.0,14.0,34.0,0
1.0,7.0,0.0,0.0,4.0,2.0,1.0,21.0,53.82,9.17,4521.96,0.16,94.0,0.11,251.22,493.31,45.0,49.0,27.0,11.0,21.0,0
2.0,3.0,0.0,0.0,2.0,1.0,1.0,4.0,7.91,6.13,296.65,0.02,14.0,0.16,16.48,48.43,7.0,7.0,4.0,7.0,4.0,0
0.0,3.0,0.0,0.0,2.0,2.0,1.0,14.0,20.76,12.27,3126.53,0.08,58.0,0.08,173.7,254.75,27.0,31.0,11.0,10.0,14.0,0
0.0,7.0,0.0,0.0,4.0,3.0,1.0,17.0,25.96,11.15,3229.13,0.1,64.0,0.09,179.4,289.51,29.0,35.0,13.0,10.0,17.0,0
1.0,3.0,1.0,0.0,2.0,2.0,1.0,7.0,17.31,5.5,523.51,0.03,25.0,0.18,29.08,95.18,11.0,14.0,7.0,7.0,8.0,0
2.0,5.0,0.0,0.0,3.0,3.0,1.0,17.0,23.84,12.69,3840.79,0.1,66.0,0.08,213.38,302.61,30.0,36.0,13.0,11.0,17.0,0
0.0,5.0,1.0,0.0,3.0,2.0,1.0,19.0,32.45,13.89,6264.19,0.15,91.0,0.07,348.01,450.83,44.0,47.0,19.0,12.0,20.0,0
1.0,3.0,0.0,0.0,2.0,2.0,1.0,10.0,20.81,9.0,1685.67,0.06,42.0,0.11,93.65,187.3,18.0,24.0,11.0,11.0,10.0,0
3.0,13.0,0.0,2.0,7.0,7.0,4.0,22.0,34.83,15.79,8682.88,0.18,111.0,0.06,482.38,549.92,50.0,61.0,19.0,12.0,22.0,0
2.0,5.0,0.0,3.0,3.0,2.0,3.0,8.0,12.16,5.6,381.44,0.02,19.0,0.18,21.19,68.11,8.0,11.0,5.0,7.0,8.0,0
1.0,13.0,0.0,0.0,7.0,1.0,7.0,13.0,10.33,21.25,4666.84,0.07,50.0,0.05,259.26,219.62,17.0,33.0,6.0,15.0,13.0,0
4.0,41.0,4.0,1.0,21.0,20.0,11.0,73.0,104.65,29.05,88343.08,1.01,441.0,0.03,4907.95,3040.61,198.0,243.0,92.0,27.0,77.0,0
1.0,7.0,0.0,0.0,4.0,2.0,3.0,9.0,12.65,16.67,3515.14,0.07,46.0,0.06,195.29,210.91,20.0,26.0,9.0,15.0,9.0,0
1.0,7.0,0.0,0.0,4.0,3.0,4.0,11.0,16.45,14.3,3363.72,0.08,52.0,0.07,186.87,235.23,22.0,30.0,10.0,13.0,11.0,0
1.0,5.0,0.0,0.0,3.0,2.0,3.0,7.0,13.8,7.86,851.86,0.04,26.0,0.13,47.33,108.42,10.0,16.0,7.0,11.0,7.0,0
1.0,13.0,0.0,0.0,7.0,3.0,1.0,10.0,13.71,21.6,6396.36,0.1,63.0,0.05,355.35,296.13,27.0,36.0,10.0,16.0,10.0,0
1.0,5.0,0.0,0.0,3.0,2.0,3.0,10.0,14.12,10.89,1674.72,0.05,34.0,0.09,93.04,153.8,14.0,20.0,9.0,14.0,10.0,0
18.0,17.0,2.0,0.0,15.0,2.0,1.0,120.0,58.14,60.25,211067.8,1.17,532.0,0.02,11725.99,3503.2,241.0,291.0,64.0,32.0,122.0,0
5.0,7.0,2.0,0.0,4.0,2.0,1.0,9.0,17.46,14.0,3421.92,0.08,52.0,0.07,190.11,244.42,24.0,28.0,12.0,14.0,11.0,0
6.0,5.0,2.0,3.0,3.0,2.0,1.0,13.0,22.11,10.58,2473.23,0.08,51.0,0.09,137.4,233.83,25.0,26.0,13.0,11.0,15.0,0
10.0,5.0,2.0,2.0,3.0,1.0,1.0,34.0,61.05,23.72,34338.99,0.48,254.0,0.04,1907.72,1447.91,117.0,137.0,37.0,15.0,36.0,1
13.0,5.0,2.0,8.0,3.0,1.0,1.0,46.0,120.16,15.11,27428.6,0.61,284.0,0.07,1523.81,1815.42,139.0,145.0,69.0,15.0,48.0,0
13.0,11.0,2.0,9.0,6.0,1.0,1.0,21.0,25.45,30.07,23005.27,0.26,141.0,0.03,1278.07,765.1,63.0,78.0,22.0,21.0,23.0,0
21.0,14.0,4.0,8.0,8.0,4.0,3.0,37.0,45.07,17.42,13671.55,0.26,134.0,0.06,759.53,784.97,57.0,77.0,36.0,22.0,41.0,0
13.0,16.0,2.0,0.0,12.0,7.0,4.0,58.0,40.9,26.43,28568.25,0.36,183.0,0.04,1587.13,1080.96,74.0,109.0,35.0,25.0,60.0,1
10.0,9.0,4.0,6.0,5.0,2.0,3.0,14.0,26.25,13.59,4846.95,0.12,72.0,0.07,269.28,356.7,33.0,39.0,17.0,14.0,18.0,0
16.0,15.0,4.0,2.0,9.0,7.0,5.0,36.0,41.98,23.21,22625.5,0.32,165.0,0.04,1256.97,974.64,65.0,100.0,35.0,25.0,40.0,0
2.0,3.0,0.0,1.0,2.0,1.0,1.0,5.0,11.42,6.0,411.19,0.02,18.0,0.17,22.84,68.53,9.0,9.0,6.0,8.0,5.0,0
2.0,7.0,0.0,0.0,4.0,1.0,4.0,9.0,7.44,13.5,1355.12,0.03,28.0,0.07,75.28,100.38,9.0,19.0,3.0,9.0,9.0,0
0.0,3.0,0.0,0.0,2.0,2.0,1.0,5.0,17.11,5.14,452.57,0.03,22.0,0.19,25.14,88.0,8.0,14.0,7.0,9.0,5.0,0
1.0,3.0,0.0,0.0,2.0,2.0,1.0,9.0,16.96,6.75,772.53,0.04,28.0,0.15,42.92,114.45,12.0,16.0,8.0,9.0,9.0,0
2.0,3.0,0.0,0.0,2.0,2.0,1.0,9.0,15.57,7.5,875.68,0.04,28.0,0.13,48.65,116.76,12.0,16.0,8.0,10.0,9.0,0
1.0,5.0,0.0,0.0,3.0,2.0,1.0,6.0,17.3,4.2,305.12,0.02,21.0,0.24,16.95,72.65,7.0,14.0,5.0,6.0,6.0,0
0.0,9.0,0.0,0.0,5.0,1.0,5.0,6.0,18.02,6.29,712.17,0.04,29.0,0.16,39.57,113.3,11.0,18.0,7.0,8.0,6.0,0
0.0,5.0,0.0,0.0,3.0,1.0,1.0,6.0,15.36,4.9,368.89,0.03,21.0,0.2,20.49,75.28,7.0,14.0,5.0,7.0,6.0,0
0.0,5.0,0.0,0.0,3.0,1.0,3.0,5.0,13.11,4.8,301.96,0.02,17.0,0.21,16.78,62.91,6.0,11.0,5.0,8.0,5.0,0
0.0,5.0,0.0,0.0,3.0,1.0,3.0,5.0,13.11,4.8,301.96,0.02,17.0,0.21,16.78,62.91,6.0,11.0,5.0,8.0,5.0,0
0.0,5.0,0.0,0.0,3.0,1.0,3.0,5.0,13.11,4.8,301.96,0.02,17.0,0.21,16.78,62.91,6.0,11.0,5.0,8.0,5.0,0
2.0,3.0,2.0,3.0,2.0,1.0,1.0,6.0,7.33,4.5,148.5,0.01,11.0,0.22,8.25,33.0,3.0,8.0,2.0,6.0,8.0,0
7.0,5.0,5.0,9.0,3.0,2.0,1.0,17.0,27.97,8.64,2086.35,0.08,55.0,0.12,115.91,241.58,19.0,36.0,11.0,10.0,22.0,0
4.0,3.0,1.0,3.0,2.0,2.0,1.0,6.0,21.33,4.5,432.0,0.03,24.0,0.22,24.0,96.0,9.0,15.0,8.0,8.0,7.0,0
0.0,5.0,0.0,0.0,3.0,1.0,3.0,5.0,13.11,4.8,301.96,0.02,17.0,0.21,16.78,62.91,6.0,11.0,5.0,8.0,5.0,0
0.0,13.0,0.0,0.0,7.0,1.0,7.0,7.0,23.57,7.11,1191.72,0.06,41.0,0.14,66.21,167.59,16.0,25.0,9.0,8.0,7.0,0
5.0,3.0,0.0,0.0,2.0,1.0,1.0,7.0,14.04,2.0,56.15,0.01,10.0,0.5,3.12,28.07,3.0,7.0,3.0,4.0,7.0,0
2.0,17.0,0.0,0.0,9.0,4.0,6.0,19.0,28.4,27.71,21801.15,0.26,145.0,0.04,1211.17,786.81,70.0,75.0,24.0,19.0,19.0,0
0.0,3.0,0.0,1.0,2.0,1.0,1.0,6.0,5.18,15.0,1165.64,0.03,21.0,0.07,64.76,77.71,9.0,12.0,3.0,10.0,6.0,0
1.0,9.0,0.0,0.0,5.0,5.0,1.0,19.0,45.44,13.0,7679.54,0.2,111.0,0.08,426.64,590.73,54.0,57.0,27.0,13.0,19.0,0
8.0,143.0,3.0,0.0,73.0,60.0,15.0,139.0,133.5,60.04,481241.52,2.67,1061.0,0.02,26735.64,8015.42,507.0,554.0,152.0,36.0,142.0,0
1.0,13.0,0.0,0.0,7.0,6.0,1.0,21.0,41.3,18.48,14109.14,0.25,139.0,0.05,783.84,763.37,67.0,72.0,29.0,16.0,21.0,0
1.0,7.0,0.0,0.0,4.0,1.0,1.0,12.0,21.91,10.05,2210.79,0.07,48.0,0.1,122.82,220.08,17.0,31.0,11.0,13.0,12.0,0
2.0,29.0,7.0,1.0,1.0,1.0,1.0,49.0,46.96,44.27,92035.5,0.69,327.0,0.02,5113.08,2078.92,125.0,202.0,48.0,34.0,56.0,0
0.0,3.0,0.0,0.0,2.0,2.0,1.0,8.0,19.43,9.92,1911.12,0.06,41.0,0.1,106.17,192.72,17.0,24.0,12.0,14.0,8.0,0
0.0,5.0,0.0,0.0,3.0,2.0,1.0,3.0,15.29,8.89,1208.3,0.05,32.0,0.11,67.13,135.93,16.0,16.0,9.0,10.0,3.0,0
0.0,9.0,0.0,0.0,5.0,4.0,1.0,20.0,17.14,43.85,32955.41,0.25,149.0,0.02,1830.86,751.61,57.0,92.0,13.0,20.0,20.0,0
0.0,7.0,1.0,0.0,4.0,4.0,1.0,7.0,20.34,8.5,1469.46,0.06,40.0,0.12,81.64,172.88,17.0,23.0,10.0,10.0,8.0,0
15.0,21.0,15.0,12.0,11.0,3.0,5.0,62.0,44.17,19.55,16883.11,0.29,153.0,0.05,937.95,863.51,54.0,99.0,29.0,21.0,77.0,0
17.0,39.0,20.0,32.0,20.0,4.0,12.0,89.0,55.32,23.91,31619.49,0.44,223.0,0.04,1756.64,1322.55,79.0,144.0,38.0,23.0,109.0,1
3.0,9.0,0.0,1.0,6.0,1.0,1.0,22.0,27.21,20.39,11307.85,0.18,101.0,0.05,628.21,554.68,39.0,62.0,22.0,23.0,22.0,0
14.0,72.0,0.0,0.0,53.0,43.0,1.0,152.0,58.42,270.66,4279633.01,5.27,2134.0,0.0,237757.4,15811.64,853.0,1281.0,104.0,66.0,152.0,0
1.0,3.0,0.0,0.0,2.0,1.0,1.0,6.0,10.58,7.2,548.26,0.03,20.0,0.14,30.46,76.15,8.0,12.0,5.0,9.0,6.0,0
1.0,5.0,0.0,0.0,3.0,2.0,3.0,10.0,22.75,11.0,2752.77,0.08,51.0,0.09,152.93,250.25,22.0,29.0,15.0,15.0,10.0,0
1.0,7.0,0.0,0.0,4.0,3.0,3.0,10.0,18.06,11.85,2534.72,0.07,45.0,0.08,140.82,213.97,22.0,23.0,13.0,14.0,10.0,0
1.0,7.0,0.0,0.0,4.0,2.0,3.0,11.0,24.61,12.71,3973.8,0.1,62.0,0.08,220.77,312.75,27.0,35.0,17.0,16.0,11.0,0
3.0,13.0,0.0,3.0,8.0,2.0,3.0,17.0,18.37,20.67,7844.38,0.13,74.0,0.05,435.8,379.57,31.0,43.0,15.0,20.0,17.0,0
42.0,27.0,0.0,8.0,14.0,4.0,9.0,46.0,68.52,22.38,34316.47,0.51,238.0,0.04,1906.47,1533.42,111.0,127.0,62.0,25.0,46.0,0
2.0,33.0,2.0,0.0,17.0,7.0,14.0,34.0,30.56,37.08,42020.85,0.38,196.0,0.03,2334.49,1133.15,89.0,107.0,30.0,25.0,36.0,0
3.0,37.0,4.0,0.0,19.0,12.0,11.0,46.0,48.52,36.22,63649.28,0.59,294.0,0.03,3536.07,1757.32,135.0,159.0,41.0,22.0,50.0,0
21.0,8.0,0.0,2.0,6.0,3.0,1.0,29.0,30.85,12.92,5147.38,0.13,79.0,0.08,285.97,398.51,31.0,48.0,18.0,15.0,29.0,0
31.0,16.0,0.0,10.0,11.0,6.0,5.0,63.0,50.49,33.53,56756.57,0.56,267.0,0.03,3153.14,1692.74,114.0,153.0,51.0,30.0,63.0,0
4.0,25.0,5.0,10.0,13.0,13.0,11.0,43.0,93.54,12.79,15311.87,0.4,198.0,0.08,850.66,1196.79,87.0,111.0,51.0,15.0,48.0,0
2.0,13.0,0.0,0.0,7.0,4.0,7.0,19.0,36.07,18.91,12903.06,0.23,130.0,0.05,716.84,682.23,58.0,72.0,23.0,15.0,19.0,0
1.0,15.0,0.0,0.0,8.0,1.0,6.0,19.0,7.74,101.06,79044.51,0.26,161.0,0.01,4391.36,782.13,77.0,84.0,8.0,21.0,19.0,0
1.0,11.0,5.0,0.0,6.0,2.0,4.0,22.0,16.21,46.93,35696.56,0.25,146.0,0.02,1983.14,760.58,64.0,82.0,15.0,22.0,27.0,0
1.0,3.0,0.0,0.0,2.0,2.0,1.0,15.0,16.95,16.5,4614.93,0.09,57.0,0.06,256.39,279.69,22.0,35.0,12.0,18.0,15.0,0
5.0,9.0,3.0,1.0,5.0,2.0,1.0,16.0,17.63,24.81,10852.6,0.15,91.0,0.04,602.92,437.47,43.0,48.0,13.0,15.0,19.0,0
42.0,24.0,8.0,19.0,16.0,10.0,7.0,83.0,44.12,58.5,150993.43,0.86,424.0,0.02,8388.52,2581.08,189.0,235.0,42.0,26.0,91.0,0
17.0,3.0,3.0,16.0,2.0,1.0,1.0,16.0,38.3,16.62,10572.26,0.21,118.0,0.06,587.35,636.29,54.0,64.0,26.0,16.0,19.0,0
24.0,5.0,2.0,15.0,3.0,3.0,1.0,35.0,43.87,24.97,27356.45,0.37,187.0,0.04,1519.8,1095.44,88.0,99.0,37.0,21.0,37.0,1
28.0,5.0,4.0,14.0,3.0,2.0,3.0,15.0,31.98,12.25,4798.75,0.13,77.0,0.08,266.6,391.73,35.0,42.0,20.0,14.0,19.0,1
18.0,25.0,9.0,17.0,14.0,8.0,5.0,67.0,56.74,25.15,35879.48,0.48,227.0,0.04,1993.3,1426.79,95.0,132.0,51.0,27.0,76.0,0
0.0,9.0,0.0,4.0,5.0,3.0,5.0,19.0,30.08,11.53,3998.33,0.12,70.0,0.09,222.13,346.79,28.0,42.0,17.0,14.0,19.0,0
0.0,9.0,0.0,3.0,5.0,3.0,5.0,17.0,28.03,10.78,3258.16,0.1,61.0,0.09,181.01,302.21,23.0,38.0,16.0,15.0,17.0,0
1.0,3.0,0.0,0.0,2.0,1.0,1.0,5.0,10.75,5.0,268.87,0.02,15.0,0.2,14.94,53.77,5.0,10.0,4.0,8.0,5.0,0
1.0,3.0,0.0,0.0,2.0,1.0,1.0,7.0,8.26,12.1,1210.0,0.03,25.0,0.08,67.22,100.0,11.0,14.0,5.0,11.0,7.0,0
4.0,13.0,0.0,3.0,7.0,7.0,1.0,36.0,33.06,25.74,21902.71,0.28,161.0,0.04,1216.82,850.95,74.0,87.0,23.0,16.0,36.0,0
13.0,26.0,1.0,1.0,14.0,11.0,7.0,45.0,30.87,42.62,56084.29,0.44,221.0,0.02,3115.79,1315.88,97.0,124.0,33.0,29.0,46.0,0
1.0,9.0,0.0,0.0,5.0,3.0,1.0,11.0,16.12,14.3,3299.03,0.08,51.0,0.07,183.28,230.7,22.0,29.0,10.0,13.0,11.0,0
1.0,20.0,2.0,1.0,12.0,9.0,7.0,43.0,45.6,33.68,51715.86,0.51,255.0,0.03,2873.1,1535.7,89.0,166.0,37.0,28.0,45.0,0
3.0,13.0,5.0,0.0,7.0,7.0,6.0,22.0,36.01,13.42,6486.52,0.16,95.0,0.07,360.36,483.31,34.0,61.0,19.0,15.0,27.0,0
9.0,3.0,1.0,25.0,2.0,2.0,1.0,18.0,27.79,12.66,4451.81,0.12,71.0,0.08,247.32,351.75,27.0,44.0,16.0,15.0,19.0,1
1.0,15.0,5.0,1.0,9.0,5.0,4.0,28.0,34.0,39.36,52659.86,0.45,223.0,0.03,2925.55,1338.0,95.0,128.0,35.0,29.0,33.0,0
12.0,27.0,3.0,2.0,15.0,8.0,10.0,39.0,46.29,59.06,161452.64,0.91,446.0,0.02,8969.59,2733.66,167.0,279.0,41.0,29.0,42.0,0
18.0,27.0,2.0,7.0,16.0,8.0,5.0,68.0,45.8,56.02,143728.13,0.86,407.0,0.02,7984.9,2565.64,183.0,224.0,49.0,30.0,70.0,0
1.0,7.0,0.0,0.0,4.0,3.0,1.0,10.0,11.9,21.72,5615.72,0.09,55.0,0.05,311.98,258.51,23.0,32.0,9.0,17.0,10.0,0
0.0,3.0,0.0,0.0,2.0,2.0,1.0,4.0,11.82,8.8,915.2,0.03,26.0,0.11,50.84,104.0,8.0,18.0,5.0,11.0,4.0,0
1.0,3.0,0.0,0.0,2.0,1.0,1.0,20.0,49.57,27.26,36831.07,0.45,249.0,0.04,2046.17,1351.14,92.0,157.0,27.0,16.0,20.0,0
0.0,5.0,0.0,0.0,3.0,3.0,1.0,5.0,15.88,10.11,1623.23,0.05,36.0,0.1,90.18,160.54,14.0,22.0,9.0,13.0,5.0,0
2.0,20.0,0.0,1.0,11.0,5.0,11.0,24.0,21.89,36.88,29769.28,0.27,147.0,0.03,1653.85,807.3,59.0,88.0,20.0,25.0,24.0,0
6.0,17.0,3.0,0.0,9.0,2.0,5.0,24.0,32.25,23.09,17192.85,0.25,139.0,0.04,955.16,744.7,59.0,80.0,23.0,18.0,27.0,0
7.0,5.0,0.0,15.0,3.0,3.0,1.0,15.0,36.95,6.18,1409.68,0.08,48.0,0.16,78.32,228.23,21.0,27.0,17.0,10.0,15.0,0
7.0,5.0,0.0,15.0,3.0,3.0,1.0,15.0,36.95,6.18,1409.68,0.08,48.0,0.16,78.32,228.23,21.0,27.0,17.0,10.0,15.0,0
27.0,19.0,4.0,12.0,11.0,2.0,1.0,38.0,26.19,29.0,22027.09,0.25,136.0,0.03,1223.73,759.55,58.0,78.0,24.0,24.0,42.0,0
7.0,3.0,0.0,14.0,2.0,2.0,1.0,11.0,26.32,6.87,1243.98,0.06,40.0,0.15,69.11,180.94,15.0,25.0,12.0,11.0,11.0,0
7.0,3.0,0.0,14.0,2.0,2.0,1.0,11.0,26.32,6.87,1243.98,0.06,40.0,0.15,69.11,180.94,15.0,25.0,12.0,11.0,11.0,0
48.0,5.0,0.0,21.0,3.0,1.0,1.0,32.0,93.12,15.4,22083.6,0.48,239.0,0.06,1226.87,1434.0,110.0,129.0,50.0,14.0,32.0,0
48.0,5.0,1.0,21.0,3.0,1.0,1.0,31.0,85.96,17.85,27376.73,0.51,252.0,0.06,1520.93,1534.04,116.0,136.0,52.0,16.0,32.0,0
12.0,5.0,0.0,27.0,3.0,1.0,1.0,31.0,87.22,17.4,26406.88,0.51,252.0,0.06,1467.05,1517.64,116.0,136.0,50.0,15.0,31.0,0
12.0,5.0,0.0,27.0,3.0,1.0,1.0,31.0,87.22,17.4,26406.88,0.51,252.0,0.06,1467.05,1517.64,116.0,136.0,50.0,15.0,31.0,0
11.0,5.0,0.0,27.0,3.0,1.0,1.0,31.0,87.22,17.4,26406.88,0.51,252.0,0.06,1467.05,1517.64,116.0,136.0,50.0,15.0,31.0,0
11.0,5.0,0.0,27.0,3.0,1.0,1.0,31.0,87.22,17.4,26406.88,0.51,252.0,0.06,1467.05,1517.64,116.0,136.0,50.0,15.0,31.0,0
14.0,9.0,0.0,18.0,5.0,5.0,1.0,26.0,43.17,10.67,4917.61,0.15,86.0,0.09,273.2,460.75,37.0,49.0,26.0,15.0,26.0,0
14.0,9.0,0.0,18.0,5.0,5.0,1.0,26.0,43.17,10.67,4917.61,0.15,86.0,0.09,273.2,460.75,37.0,49.0,26.0,15.0,26.0,0
2.0,5.0,0.0,0.0,3.0,1.0,1.0,10.0,13.12,10.83,1539.78,0.05,31.0,0.09,85.54,142.13,13.0,18.0,9.0,15.0,10.0,0
2.0,5.0,0.0,0.0,3.0,1.0,1.0,10.0,13.12,10.83,1539.78,0.05,31.0,0.09,85.54,142.13,13.0,18.0,9.0,15.0,10.0,0
8.0,13.0,0.0,7.0,7.0,7.0,5.0,28.0,43.76,15.87,11016.6,0.23,125.0,0.06,612.03,694.32,56.0,69.0,30.0,17.0,28.0,0
8.0,13.0,0.0,7.0,7.0,7.0,5.0,28.0,43.76,15.87,11016.6,0.23,125.0,0.06,612.03,694.32,56.0,69.0,30.0,17.0,28.0,0
48.0,15.0,0.0,13.0,8.0,4.0,1.0,76.0,111.14,26.51,78099.28,0.98,473.0,0.04,4338.85,2946.23,231.0,242.0,61.0,14.0,76.0,0
48.0,15.0,0.0,13.0,8.0,4.0,1.0,76.0,111.14,26.51,78099.28,0.98,473.0,0.04,4338.85,2946.23,231.0,242.0,61.0,14.0,76.0,0
4.0,5.0,0.0,1.0,3.0,2.0,1.0,14.0,15.57,12.6,2472.31,0.07,44.0,0.08,137.35,196.21,21.0,23.0,10.0,12.0,14.0,0
4.0,5.0,0.0,1.0,3.0,2.0,1.0,14.0,15.57,12.6,2472.31,0.07,44.0,0.08,137.35,196.21,21.0,23.0,10.0,12.0,14.0,0
9.0,11.0,0.0,7.0,6.0,6.0,5.0,21.0,39.03,15.0,8781.18,0.2,110.0,0.07,487.84,585.41,50.0,60.0,25.0,15.0,21.0,0
9.0,11.0,0.0,7.0,6.0,6.0,5.0,21.0,39.03,15.0,8781.18,0.2,110.0,0.07,487.84,585.41,50.0,60.0,25.0,15.0,21.0,0
9.0,11.0,0.0,7.0,6.0,6.0,5.0,21.0,41.15,14.0,8065.52,0.19,109.0,0.07,448.08,576.11,50.0,59.0,25.0,14.0,21.0,0
9.0,11.0,0.0,7.0,6.0,6.0,5.0,21.0,41.15,14.0,8065.52,0.19,109.0,0.07,448.08,576.11,50.0,59.0,25.0,14.0,21.0,0
20.0,11.0,0.0,30.0,6.0,4.0,3.0,49.0,49.49,31.02,47629.26,0.51,254.0,0.03,2646.07,1535.28,116.0,138.0,43.0,23.0,49.0,0
20.0,11.0,0.0,30.0,6.0,4.0,3.0,49.0,49.49,31.02,47629.26,0.51,254.0,0.03,2646.07,1535.28,116.0,138.0,43.0,23.0,49.0,0
5.0,13.0,0.0,12.0,7.0,4.0,7.0,23.0,29.28,11.78,4063.55,0.11,71.0,0.08,225.75,344.92,29.0,42.0,16.0,13.0,23.0,0
5.0,13.0,0.0,12.0,7.0,4.0,7.0,23.0,29.28,11.78,4063.55,0.11,71.0,0.08,225.75,344.92,29.0,42.0,16.0,13.0,23.0,0
8.0,5.0,0.0,10.0,3.0,2.0,3.0,18.0,32.47,13.7,6090.14,0.15,83.0,0.07,338.34,444.68,35.0,48.0,23.0,18.0,18.0,0
8.0,5.0,0.0,10.0,3.0,2.0,3.0,18.0,32.47,13.7,6090.14,0.15,83.0,0.07,338.34,444.68,35.0,48.0,23.0,18.0,18.0,0
8.0,11.0,0.0,11.0,6.0,4.0,3.0,39.0,49.03,15.89,12381.56,0.26,133.0,0.06,687.86,779.11,56.0,77.0,37.0,21.0,39.0,0
8.0,11.0,0.0,11.0,6.0,4.0,3.0,39.0,49.03,15.89,12381.56,0.26,133.0,0.06,687.86,779.11,56.0,77.0,37.0,21.0,39.0,0
8.0,11.0,0.0,11.0,6.0,4.0,3.0,39.0,49.03,15.89,12381.56,0.26,133.0,0.06,687.86,779.11,56.0,77.0,37.0,21.0,39.0,0
8.0,11.0,0.0,11.0,6.0,4.0,3.0,39.0,49.03,15.89,12381.56,0.26,133.0,0.06,687.86,779.11,56.0,77.0,37.0,21.0,39.0,0
4.0,3.0,0.0,7.0,2.0,1.0,1.0,11.0,19.04,16.39,5116.45,0.1,63.0,0.06,284.25,312.11,27.0,36.0,14.0,17.0,11.0,0
4.0,3.0,0.0,7.0,2.0,1.0,1.0,11.0,19.04,16.39,5116.45,0.1,63.0,0.06,284.25,312.11,27.0,36.0,14.0,17.0,11.0,0
24.0,21.0,2.0,20.0,11.0,3.0,8.0,43.0,44.23,27.74,34042.1,0.41,203.0,0.04,1891.23,1227.01,91.0,112.0,41.0,25.0,45.0,0
24.0,21.0,2.0,20.0,11.0,3.0,8.0,43.0,44.23,27.74,34042.1,0.41,203.0,0.04,1891.23,1227.01,91.0,112.0,41.0,25.0,45.0,0
12.0,5.0,0.0,14.0,3.0,2.0,3.0,22.0,39.97,14.79,8738.67,0.2,107.0,0.07,485.48,591.02,46.0,61.0,28.0,18.0,22.0,0
12.0,5.0,0.0,14.0,3.0,2.0,3.0,22.0,39.97,14.79,8738.67,0.2,107.0,0.07,485.48,591.02,46.0,61.0,28.0,18.0,22.0,0
7.0,5.0,0.0,8.0,3.0,2.0,1.0,16.0,20.48,14.0,4014.18,0.1,61.0,0.07,223.01,286.73,28.0,33.0,13.0,13.0,16.0,0
7.0,5.0,0.0,8.0,3.0,2.0,1.0,16.0,20.48,14.0,4014.18,0.1,61.0,0.07,223.01,286.73,28.0,33.0,13.0,13.0,16.0,0
5.0,5.0,0.0,8.0,3.0,1.0,3.0,15.0,26.52,11.5,3507.79,0.1,59.0,0.09,194.88,305.03,23.0,36.0,18.0,18.0,15.0,0
5.0,5.0,0.0,8.0,3.0,1.0,3.0,15.0,26.52,11.5,3507.79,0.1,59.0,0.09,194.88,305.03,23.0,36.0,18.0,18.0,15.0,0
5.0,5.0,0.0,8.0,3.0,1.0,3.0,15.0,26.52,11.5,3507.79,0.1,59.0,0.09,194.88,305.03,23.0,36.0,18.0,18.0,15.0,0
5.0,5.0,0.0,8.0,3.0,1.0,3.0,15.0,26.52,11.5,3507.79,0.1,59.0,0.09,194.88,305.03,23.0,36.0,18.0,18.0,15.0,0
32.0,39.0,3.0,23.0,20.0,7.0,15.0,80.0,53.86,39.17,82648.01,0.7,325.0,0.03,4591.56,2109.85,142.0,183.0,58.0,32.0,83.0,0
32.0,39.0,3.0,23.0,20.0,7.0,15.0,80.0,53.86,39.17,82648.01,0.7,325.0,0.03,4591.56,2109.85,142.0,183.0,58.0,32.0,83.0,0
32.0,39.0,3.0,22.0,20.0,7.0,15.0,80.0,52.36,40.4,85440.05,0.71,325.0,0.02,4746.67,2115.03,142.0,183.0,58.0,33.0,83.0,0
32.0,39.0,3.0,22.0,20.0,7.0,15.0,80.0,52.36,40.4,85440.05,0.71,325.0,0.02,4746.67,2115.03,142.0,183.0,58.0,33.0,83.0,0
2.0,3.0,0.0,2.0,2.0,1.0,1.0,9.0,28.57,4.2,504.0,0.04,30.0,0.24,28.0,120.0,14.0,16.0,10.0,6.0,9.0,0
2.0,3.0,0.0,2.0,2.0,1.0,1.0,9.0,28.57,4.2,504.0,0.04,30.0,0.24,28.0,120.0,14.0,16.0,10.0,6.0,9.0,0
16.0,19.0,2.0,3.0,12.0,10.0,1.0,76.0,43.51,39.72,68640.9,0.58,281.0,0.03,3813.38,1728.08,122.0,159.0,43.0,28.0,78.0,0
57.0,23.0,2.0,10.0,14.0,6.0,1.0,82.0,34.47,45.43,71132.77,0.52,260.0,0.02,3951.82,1565.82,106.0,154.0,35.0,30.0,84.0,0
27.0,11.0,2.0,50.0,6.0,4.0,1.0,61.0,164.89,6.87,7793.81,0.38,182.0,0.15,432.99,1133.65,80.0,102.0,64.0,11.0,63.0,0
5.0,5.0,0.0,7.0,3.0,1.0,1.0,17.0,20.73,8.73,1579.13,0.06,40.0,0.11,87.73,180.94,16.0,24.0,11.0,12.0,17.0,0
60.0,10.0,4.0,3.0,6.0,6.0,1.0,32.0,49.14,11.67,6688.01,0.19,107.0,0.09,371.56,573.26,45.0,62.0,27.0,14.0,36.0,0
2.0,3.0,0.0,0.0,2.0,1.0,1.0,12.0,18.01,6.25,703.67,0.04,27.0,0.16,39.09,112.59,10.0,17.0,8.0,10.0,12.0,0
4.0,5.0,0.0,4.0,3.0,1.0,3.0,12.0,16.48,8.25,1121.45,0.05,32.0,0.12,62.3,135.93,12.0,20.0,8.0,11.0,12.0,0
17.0,15.0,1.0,55.0,8.0,3.0,3.0,43.0,33.95,29.57,29690.28,0.33,177.0,0.03,1649.46,1004.02,72.0,105.0,28.0,23.0,44.0,0
6.0,9.0,2.0,9.0,5.0,4.0,1.0,17.0,35.57,8.0,2276.8,0.09,58.0,0.13,126.49,284.6,24.0,34.0,18.0,12.0,19.0,0
1.0,36.0,1.0,0.0,21.0,6.0,9.0,49.0,35.67,65.77,154273.13,0.78,384.0,0.02,8570.73,2345.67,171.0,213.0,39.0,30.0,50.0,0
8.0,3.0,0.0,0.0,2.0,2.0,1.0,16.0,47.11,7.37,2557.63,0.12,73.0,0.14,142.09,347.11,35.0,38.0,19.0,8.0,16.0,0
11.0,13.0,0.0,6.0,7.0,3.0,6.0,32.0,34.46,29.66,30303.94,0.34,182.0,0.03,1683.55,1021.88,86.0,96.0,29.0,20.0,32.0,0
7.0,5.0,0.0,2.0,3.0,1.0,1.0,11.0,28.36,9.33,2470.53,0.09,57.0,0.11,137.25,264.7,28.0,29.0,15.0,10.0,11.0,0
15.0,9.0,0.0,10.0,5.0,5.0,1.0,39.0,69.33,25.12,43734.03,0.58,296.0,0.04,2429.67,1741.26,135.0,161.0,43.0,16.0,39.0,0
4.0,3.0,0.0,0.0,2.0,1.0,1.0,9.0,17.4,11.5,2301.8,0.07,48.0,0.09,127.88,200.16,23.0,25.0,9.0,9.0,9.0,0
9.0,11.0,0.0,6.0,6.0,5.0,1.0,27.0,44.04,24.5,26437.57,0.36,185.0,0.04,1468.75,1079.08,84.0,101.0,36.0,21.0,27.0,0
9.0,15.0,0.0,0.0,8.0,2.0,7.0,22.0,42.2,19.35,15809.6,0.27,144.0,0.05,878.31,816.83,60.0,84.0,31.0,20.0,22.0,0
12.0,9.0,0.0,3.0,5.0,3.0,1.0,27.0,32.61,22.33,16266.67,0.24,142.0,0.04,903.7,728.36,67.0,75.0,21.0,14.0,27.0,0
10.0,9.0,0.0,7.0,5.0,5.0,1.0,23.0,27.2,13.43,4907.99,0.12,76.0,0.07,272.67,365.36,31.0,45.0,15.0,13.0,23.0,0
17.0,25.0,0.0,0.0,13.0,7.0,12.0,43.0,53.96,27.69,41377.61,0.5,254.0,0.04,2298.76,1494.19,108.0,146.0,39.0,20.0,43.0,0
16.0,17.0,0.0,1.0,9.0,7.0,7.0,43.0,81.27,13.35,14482.39,0.36,186.0,0.07,804.58,1084.92,82.0,104.0,43.0,14.0,43.0,1
4.0,3.0,0.0,2.0,2.0,2.0,1.0,7.0,16.5,6.0,593.95,0.03,26.0,0.17,33.0,98.99,12.0,14.0,7.0,7.0,7.0,0
8.0,5.0,0.0,0.0,3.0,3.0,1.0,16.0,32.14,9.33,2800.0,0.1,60.0,0.11,155.56,300.0,24.0,36.0,18.0,14.0,16.0,1
19.0,11.0,0.0,5.0,6.0,6.0,6.0,34.0,60.39,17.0,17452.01,0.34,176.0,0.06,969.56,1026.58,68.0,108.0,38.0,19.0,34.0,1
20.0,11.0,0.0,6.0,6.0,6.0,6.0,38.0,66.64,21.71,31422.74,0.48,244.0,0.05,1745.71,1447.1,96.0,148.0,42.0,19.0,38.0,1
15.0,5.0,0.0,0.0,3.0,3.0,1.0,22.0,45.57,8.11,3004.05,0.12,74.0,0.12,166.89,370.0,31.0,43.0,21.0,11.0,22.0,1
8.0,3.0,0.0,0.0,2.0,2.0,1.0,13.0,26.31,10.35,2820.11,0.09,54.0,0.1,156.67,272.4,22.0,32.0,17.0,16.0,13.0,0
27.0,25.0,0.0,0.0,23.0,22.0,1.0,79.0,54.19,28.96,45461.48,0.52,243.0,0.03,2525.64,1569.64,92.0,151.0,54.0,34.0,79.0,0
2.0,3.0,0.0,1.0,2.0,2.0,1.0,8.0,19.62,6.67,871.99,0.04,32.0,0.15,48.44,130.8,15.0,17.0,9.0,8.0,8.0,0
18.0,11.0,0.0,17.0,6.0,3.0,1.0,58.0,98.09,20.0,39236.98,0.65,314.0,0.05,2179.83,1961.85,150.0,164.0,60.0,16.0,58.0,1
17.0,5.0,0.0,13.0,3.0,2.0,1.0,50.0,102.01,28.0,79979.63,0.95,440.0,0.04,4443.31,2856.42,196.0,244.0,70.0,20.0,50.0,0
19.0,19.0,0.0,8.0,10.0,10.0,3.0,49.0,81.98,25.56,53537.93,0.7,326.0,0.04,2974.33,2094.96,140.0,186.0,63.0,23.0,49.0,0
8.0,11.0,2.0,0.0,7.0,5.0,4.0,22.0,32.24,15.65,7898.75,0.17,93.0,0.06,438.82,504.64,36.0,57.0,23.0,20.0,24.0,0
6.0,3.0,0.0,0.0,2.0,2.0,1.0,12.0,19.81,9.82,1909.77,0.06,43.0,0.1,106.1,194.51,18.0,25.0,11.0,12.0,12.0,0
19.0,21.0,0.0,5.0,11.0,8.0,3.0,44.0,67.22,31.21,65489.41,0.7,324.0,0.03,3638.3,2098.14,136.0,188.0,61.0,28.0,44.0,0
13.0,17.0,0.0,4.0,9.0,7.0,1.0,32.0,50.85,9.8,4888.17,0.17,98.0,0.1,271.56,498.57,41.0,57.0,23.0,11.0,32.0,0
20.0,19.0,0.0,7.0,10.0,9.0,3.0,46.0,79.08,27.5,59806.2,0.72,335.0,0.04,3322.57,2174.77,143.0,192.0,65.0,25.0,46.0,0
7.0,3.0,0.0,0.0,2.0,2.0,1.0,11.0,22.92,7.0,1123.32,0.05,35.0,0.14,62.41,160.47,14.0,21.0,12.0,12.0,11.0,0
11.0,7.0,0.0,0.0,4.0,4.0,1.0,19.0,35.9,13.0,6067.94,0.16,91.0,0.08,337.11,466.76,39.0,52.0,21.0,14.0,19.0,0
14.0,17.0,0.0,0.0,9.0,5.0,9.0,29.0,47.16,15.35,11107.27,0.24,136.0,0.07,617.07,723.78,57.0,79.0,26.0,14.0,29.0,0
11.0,7.0,0.0,0.0,4.0,4.0,1.0,19.0,35.9,13.0,6067.94,0.16,91.0,0.08,337.11,466.76,39.0,52.0,21.0,14.0,19.0,0
11.0,17.0,0.0,5.0,9.0,4.0,9.0,20.0,31.49,19.57,12054.49,0.21,115.0,0.05,669.69,616.12,50.0,65.0,23.0,18.0,20.0,0
8.0,3.0,0.0,0.0,2.0,2.0,1.0,12.0,30.96,6.07,1141.33,0.06,41.0,0.16,63.41,187.98,17.0,24.0,14.0,10.0,12.0,1
7.0,5.0,0.0,0.0,3.0,3.0,1.0,14.0,33.52,6.43,1385.31,0.07,47.0,0.16,76.96,215.49,18.0,29.0,14.0,10.0,14.0,1
12.0,9.0,0.0,0.0,5.0,4.0,5.0,22.0,38.68,13.94,7516.89,0.18,100.0,0.07,417.61,539.23,41.0,59.0,25.0,17.0,22.0,1
13.0,9.0,0.0,0.0,5.0,4.0,5.0,22.0,36.9,14.52,7779.61,0.18,100.0,0.07,432.2,535.76,41.0,59.0,24.0,17.0,22.0,1
12.0,5.0,0.0,13.0,3.0,2.0,1.0,19.0,58.18,15.45,13896.4,0.3,161.0,0.06,772.02,899.18,68.0,93.0,33.0,15.0,19.0,0
7.0,5.0,0.0,1.0,3.0,1.0,1.0,14.0,28.81,6.29,1138.41,0.06,39.0,0.16,63.24,181.11,16.0,23.0,14.0,11.0,14.0,0
22.0,13.0,1.0,5.0,7.0,7.0,5.0,34.0,54.02,15.62,13176.06,0.28,148.0,0.06,732.0,843.67,59.0,89.0,34.0,18.0,35.0,0
19.0,15.0,0.0,0.0,8.0,8.0,6.0,44.0,63.87,22.36,31928.52,0.48,247.0,0.04,1773.81,1428.0,109.0,138.0,39.0,16.0,44.0,0
16.0,17.0,0.0,3.0,9.0,5.0,1.0,40.0,44.52,33.54,50068.96,0.5,247.0,0.03,2781.61,1492.97,110.0,137.0,41.0,25.0,40.0,0
12.0,7.0,0.0,0.0,4.0,4.0,1.0,23.0,44.56,12.22,6656.52,0.18,101.0,0.08,369.81,544.62,44.0,57.0,27.0,15.0,23.0,1
8.0,5.0,0.0,2.0,3.0,3.0,1.0,15.0,29.67,10.11,3033.33,0.1,60.0,0.1,168.52,300.0,26.0,34.0,18.0,14.0,15.0,0
37.0,48.0,1.0,48.0,27.0,1.0,13.0,116.0,111.77,28.44,90416.52,1.06,485.0,0.04,5023.14,3178.98,157.0,328.0,69.0,25.0,117.0,0
1.0,16.0,5.0,0.0,12.0,1.0,6.0,41.0,29.35,33.5,32937.0,0.33,178.0,0.03,1829.83,983.19,67.0,111.0,23.0,23.0,46.0,0
1.0,7.0,0.0,0.0,4.0,1.0,4.0,7.0,14.12,9.63,1308.36,0.05,32.0,0.1,72.69,135.93,14.0,18.0,8.0,11.0,7.0,0
1.0,95.0,3.0,0.0,48.0,2.0,1.0,103.0,47.04,115.43,626797.86,1.81,1007.0,0.01,34822.1,5430.06,515.0,492.0,29.0,13.0,106.0,0
0.0,9.0,1.0,0.0,5.0,1.0,3.0,10.0,16.86,17.14,4949.88,0.1,63.0,0.06,274.99,288.85,29.0,34.0,11.0,13.0,11.0,0
1.0,5.0,0.0,0.0,3.0,1.0,1.0,7.0,18.88,9.0,1529.25,0.06,40.0,0.11,84.96,169.92,20.0,20.0,10.0,9.0,7.0,0
1.0,11.0,1.0,0.0,6.0,4.0,6.0,18.0,21.36,16.0,5469.43,0.11,69.0,0.06,303.86,341.84,30.0,39.0,15.0,16.0,19.0,0
0.0,7.0,0.0,3.0,4.0,3.0,1.0,16.0,21.01,13.5,3829.06,0.09,59.0,0.07,212.73,283.63,27.0,32.0,14.0,14.0,16.0,0
2.0,15.0,0.0,0.0,8.0,2.0,7.0,24.0,10.04,45.0,20327.14,0.15,95.0,0.02,1129.29,451.71,45.0,50.0,9.0,18.0,24.0,0
1.0,11.0,0.0,0.0,6.0,3.0,6.0,17.0,15.38,23.38,8403.09,0.12,74.0,0.04,466.84,359.49,33.0,41.0,12.0,17.0,17.0,0
1.0,9.0,0.0,0.0,5.0,1.0,1.0,16.0,25.24,14.54,5332.64,0.12,79.0,0.07,296.26,366.86,37.0,42.0,14.0,11.0,16.0,0
2.0,13.0,0.0,0.0,7.0,2.0,3.0,29.0,28.86,20.94,12659.07,0.2,122.0,0.05,703.28,604.41,58.0,64.0,18.0,13.0,29.0,0
16.0,115.0,0.0,0.0,58.0,2.0,1.0,199.0,129.4,55.52,398853.5,2.39,1079.0,0.02,22158.53,7184.21,512.0,567.0,83.0,18.0,199.0,0
1.0,7.0,0.0,0.0,4.0,1.0,1.0,16.0,13.27,21.0,5851.26,0.09,60.0,0.05,325.07,278.63,28.0,32.0,10.0,15.0,16.0,0
2.0,3.0,0.0,0.0,2.0,2.0,1.0,6.0,16.5,2.0,66.0,0.01,11.0,0.5,3.67,33.0,4.0,7.0,4.0,4.0,6.0,0
5.0,49.0,0.0,0.0,25.0,1.0,25.0,52.0,31.64,38.62,47183.65,0.41,249.0,0.03,2621.31,1221.82,101.0,148.0,17.0,13.0,52.0,0
0.0,3.0,0.0,0.0,2.0,1.0,1.0,4.0,7.91,6.13,296.65,0.02,14.0,0.16,16.48,48.43,7.0,7.0,4.0,7.0,4.0,0
1.0,7.0,0.0,0.0,4.0,1.0,1.0,21.0,16.21,11.0,1962.54,0.06,42.0,0.09,109.03,178.41,16.0,26.0,8.0,11.0,21.0,0
0.0,3.0,0.0,0.0,2.0,2.0,1.0,4.0,6.17,7.0,302.3,0.01,13.0,0.14,16.79,43.19,6.0,7.0,3.0,7.0,4.0,0
0.0,17.0,0.0,0.0,9.0,2.0,3.0,31.0,27.36,29.33,23526.15,0.27,154.0,0.03,1307.01,802.26,69.0,85.0,20.0,17.0,31.0,0
0.0,5.0,3.0,0.0,1.0,1.0,1.0,13.0,11.89,35.56,15025.45,0.14,91.0,0.03,834.75,422.59,40.0,51.0,9.0,16.0,16.0,0
3.0,3.0,0.0,1.0,2.0,1.0,1.0,12.0,15.37,14.0,3013.13,0.07,49.0,0.07,167.4,215.22,21.0,28.0,9.0,12.0,12.0,0
7.0,13.0,5.0,5.0,7.0,3.0,1.0,21.0,19.28,31.67,19332.36,0.2,120.0,0.03,1074.02,610.5,50.0,70.0,15.0,19.0,26.0,0
34.0,37.0,21.0,62.0,19.0,3.0,1.0,107.0,65.2,50.76,168007.02,1.1,494.0,0.02,9333.72,3310.02,209.0,285.0,70.0,34.0,128.0,1
23.0,5.0,11.0,27.0,3.0,2.0,1.0,37.0,43.78,33.59,49408.04,0.49,248.0,0.03,2744.89,1470.82,111.0,137.0,38.0,23.0,48.0,1
9.0,9.0,2.0,7.0,5.0,1.0,1.0,19.0,19.63,23.63,10953.53,0.15,89.0,0.04,608.53,463.64,36.0,53.0,16.0,21.0,21.0,0
31.0,17.0,11.0,44.0,9.0,2.0,3.0,80.0,75.47,27.68,57833.24,0.7,318.0,0.04,3212.96,2089.21,126.0,192.0,66.0,29.0,91.0,1
3.0,7.0,0.0,0.0,4.0,3.0,1.0,13.0,16.66,27.3,12420.23,0.15,88.0,0.04,690.01,454.95,39.0,49.0,15.0,21.0,13.0,0
1.0,5.0,0.0,0.0,3.0,2.0,1.0,12.0,14.42,12.38,2207.86,0.06,42.0,0.08,122.66,178.41,18.0,24.0,8.0,11.0,12.0,0
1.0,84.0,1.0,0.0,47.0,1.0,5.0,62.0,51.11,52.22,139356.3,0.89,450.0,0.02,7742.02,2668.83,161.0,289.0,37.0,24.0,63.0,0
4.0,25.0,0.0,0.0,13.0,13.0,1.0,30.0,63.69,18.78,22456.97,0.4,213.0,0.05,1247.61,1195.93,104.0,109.0,36.0,13.0,30.0,0
5.0,29.0,0.0,0.0,15.0,15.0,14.0,37.0,99.56,17.3,29792.16,0.57,268.0,0.06,1655.12,1722.24,122.0,146.0,67.0,19.0,37.0,0
1.0,3.0,0.0,0.0,2.0,2.0,1.0,8.0,15.92,6.29,629.06,0.03,24.0,0.16,34.95,100.08,8.0,16.0,7.0,11.0,8.0,0
1.0,17.0,0.0,0.0,9.0,4.0,9.0,19.0,26.08,25.85,17423.93,0.22,125.0,0.04,968.0,674.04,47.0,78.0,20.0,22.0,19.0,0
2.0,3.0,1.0,3.0,2.0,2.0,1.0,5.0,13.87,4.67,302.05,0.02,17.0,0.21,16.78,64.73,7.0,10.0,6.0,8.0,6.0,0
1.0,3.0,1.0,0.0,2.0,2.0,1.0,4.0,13.87,4.67,302.05,0.02,17.0,0.21,16.78,64.73,7.0,10.0,6.0,8.0,5.0,0
16.0,110.0,6.0,3.0,57.0,43.0,42.0,135.0,116.17,59.64,413206.28,2.31,951.0,0.02,22955.9,6928.42,428.0,523.0,122.0,34.0,141.0,0
1.0,5.0,0.0,0.0,3.0,2.0,3.0,8.0,11.85,10.21,1236.07,0.04,28.0,0.1,68.67,121.01,11.0,17.0,7.0,13.0,8.0,0
2.0,9.0,0.0,0.0,5.0,1.0,4.0,11.0,7.24,21.0,3192.0,0.05,38.0,0.05,177.33,152.0,14.0,24.0,4.0,12.0,11.0,0
3.0,5.0,0.0,4.0,3.0,1.0,3.0,12.0,19.66,7.78,1189.42,0.05,36.0,0.13,66.08,152.93,14.0,22.0,9.0,10.0,12.0,0
14.0,9.0,2.0,5.0,5.0,5.0,1.0,17.0,27.48,11.67,3740.65,0.11,66.0,0.09,207.81,320.63,25.0,41.0,15.0,14.0,19.0,0
5.0,3.0,1.0,2.0,2.0,2.0,1.0,16.0,38.94,14.72,8438.36,0.19,107.0,0.07,468.8,573.26,46.0,61.0,25.0,16.0,17.0,0
4.0,7.0,0.0,1.0,4.0,4.0,1.0,9.0,19.64,5.5,594.0,0.04,27.0,0.18,33.0,108.0,11.0,16.0,8.0,8.0,9.0,0
7.0,7.0,1.0,5.0,4.0,2.0,3.0,14.0,31.08,14.73,6740.46,0.15,86.0,0.07,374.47,457.69,36.0,50.0,22.0,18.0,15.0,1
19.0,13.0,0.0,8.0,7.0,3.0,1.0,32.0,37.91,16.96,10903.69,0.21,120.0,0.06,605.76,642.91,53.0,67.0,25.0,16.0,32.0,0
31.0,18.0,9.0,8.0,11.0,7.0,1.0,60.0,79.38,22.5,40184.36,0.6,270.0,0.04,2232.46,1785.97,102.0,168.0,68.0,30.0,69.0,0
8.0,7.0,1.0,6.0,4.0,2.0,3.0,14.0,31.08,14.73,6740.46,0.15,86.0,0.07,374.47,457.69,36.0,50.0,22.0,18.0,15.0,1
9.0,9.0,2.0,8.0,5.0,3.0,4.0,21.0,32.1,20.26,13174.23,0.22,113.0,0.05,731.9,650.3,47.0,66.0,29.0,25.0,23.0,1
0.0,3.0,1.0,0.0,2.0,1.0,1.0,6.0,15.09,5.83,513.33,0.03,22.0,0.17,28.52,88.0,7.0,15.0,6.0,10.0,7.0,0
4.0,3.0,1.0,1.0,2.0,2.0,1.0,11.0,26.92,7.5,1514.32,0.07,42.0,0.13,84.13,201.91,20.0,22.0,16.0,12.0,12.0,0
4.0,3.0,0.0,0.0,2.0,2.0,1.0,5.0,10.92,7.86,674.43,0.03,21.0,0.13,37.47,85.84,11.0,10.0,7.0,10.0,5.0,0
2.0,3.0,0.0,0.0,2.0,2.0,1.0,5.0,10.81,9.43,961.25,0.03,24.0,0.11,53.4,101.95,11.0,13.0,7.0,12.0,5.0,0
10.0,12.0,3.0,1.0,9.0,8.0,1.0,46.0,54.76,21.31,24859.27,0.39,191.0,0.05,1381.07,1166.73,75.0,116.0,44.0,25.0,49.0,1
13.0,11.0,1.0,5.0,6.0,4.0,5.0,22.0,44.98,9.92,4423.57,0.15,85.0,0.1,245.75,446.07,34.0,51.0,24.0,14.0,23.0,0
2.0,3.0,0.0,0.0,2.0,2.0,1.0,5.0,14.06,8.13,927.88,0.04,26.0,0.12,51.55,114.2,10.0,16.0,8.0,13.0,5.0,0
11.0,11.0,2.0,6.0,6.0,5.0,1.0,30.0,36.33,30.72,34286.0,0.37,186.0,0.03,1904.78,1116.0,79.0,107.0,36.0,28.0,32.0,1
5.0,3.0,0.0,2.0,2.0,2.0,1.0,13.0,28.35,11.7,3880.98,0.11,69.0,0.09,215.61,331.71,27.0,42.0,15.0,13.0,13.0,0
6.0,5.0,0.0,0.0,3.0,3.0,1.0,21.0,39.65,16.43,10701.74,0.22,126.0,0.06,594.54,651.41,46.0,80.0,21.0,15.0,21.0,0
1.0,3.0,0.0,0.0,2.0,1.0,1.0,8.0,13.4,5.25,369.2,0.02,18.0,0.19,20.51,70.32,7.0,11.0,6.0,9.0,8.0,0
3.0,7.0,0.0,0.0,4.0,1.0,3.0,10.0,10.84,13.71,2039.01,0.05,35.0,0.07,113.28,148.68,16.0,19.0,7.0,12.0,10.0,0
9.0,13.0,3.0,1.0,7.0,4.0,4.0,28.0,42.78,14.1,8504.78,0.2,108.0,0.07,472.49,603.18,47.0,61.0,30.0,18.0,31.0,1
32.0,24.0,1.0,8.0,19.0,18.0,1.0,80.0,41.45,45.39,85416.04,0.63,304.0,0.02,4745.34,1881.71,123.0,181.0,42.0,31.0,81.0,0
3.0,3.0,0.0,0.0,2.0,2.0,1.0,12.0,19.16,6.19,733.44,0.04,29.0,0.16,40.75,118.54,11.0,18.0,8.0,9.0,12.0,0
5.0,5.0,1.0,1.0,3.0,3.0,1.0,14.0,15.83,11.0,1915.82,0.06,41.0,0.09,106.43,174.17,16.0,25.0,8.0,11.0,15.0,0
10.0,5.0,0.0,5.0,3.0,1.0,1.0,22.0,48.47,12.2,7213.92,0.2,123.0,0.08,400.77,591.3,61.0,62.0,20.0,8.0,22.0,0
8.0,11.0,0.0,4.0,6.0,4.0,5.0,33.0,66.7,9.14,5570.49,0.2,108.0,0.11,309.47,609.54,47.0,61.0,36.0,14.0,33.0,0
8.0,13.0,2.0,9.0,7.0,2.0,3.0,26.0,22.75,41.68,39528.58,0.32,177.0,0.02,2196.03,948.29,72.0,105.0,19.0,22.0,28.0,0
1.0,7.0,0.0,0.0,4.0,1.0,3.0,8.0,8.8,14.4,1824.64,0.04,31.0,0.07,101.37,126.71,12.0,19.0,5.0,12.0,8.0,0
23.0,13.0,2.0,25.0,7.0,6.0,3.0,33.0,34.18,27.98,26767.81,0.32,167.0,0.04,1487.1,956.56,73.0,94.0,30.0,23.0,35.0,0
2.0,5.0,0.0,0.0,3.0,1.0,1.0,13.0,22.29,18.67,7768.18,0.14,84.0,0.05,431.57,416.15,35.0,49.0,15.0,16.0,13.0,0
10.0,13.0,2.0,5.0,7.0,3.0,1.0,16.0,40.19,16.19,10535.84,0.22,124.0,0.06,585.32,650.74,40.0,84.0,21.0,17.0,18.0,0
7.0,3.0,0.0,1.0,2.0,1.0,1.0,14.0,22.43,10.08,2280.63,0.08,50.0,0.1,126.7,226.18,22.0,28.0,12.0,11.0,14.0,0
24.0,7.0,2.0,12.0,4.0,4.0,1.0,31.0,30.45,28.98,25572.65,0.29,158.0,0.03,1420.7,882.42,63.0,95.0,25.0,23.0,33.0,0
5.0,7.0,0.0,0.0,4.0,1.0,4.0,13.0,17.83,10.4,1928.85,0.06,41.0,0.1,107.16,185.47,16.0,25.0,10.0,13.0,13.0,0
13.0,11.0,3.0,5.0,6.0,3.0,1.0,27.0,43.0,16.07,11109.18,0.23,129.0,0.06,617.18,691.12,62.0,67.0,27.0,14.0,30.0,0
3.0,5.0,0.0,0.0,3.0,3.0,1.0,19.0,67.09,10.84,7881.04,0.24,134.0,0.09,437.84,727.12,56.0,78.0,31.0,12.0,19.0,0
26.0,25.0,1.0,34.0,13.0,8.0,7.0,68.0,90.99,26.83,65518.01,0.81,378.0,0.04,3639.89,2441.67,161.0,217.0,66.0,22.0,69.0,0
9.0,15.0,0.0,8.0,8.0,4.0,5.0,51.0,54.24,14.29,11081.65,0.26,136.0,0.07,615.65,775.26,54.0,82.0,34.0,18.0,51.0,0
3.0,3.0,2.0,3.0,2.0,2.0,1.0,11.0,34.58,14.03,6802.76,0.16,97.0,0.07,377.93,485.0,41.0,56.0,19.0,13.0,13.0,0
1.0,3.0,0.0,0.0,2.0,1.0,1.0,8.0,12.48,8.33,866.67,0.03,26.0,0.12,48.15,104.0,10.0,16.0,6.0,10.0,8.0,0
3.0,3.0,1.0,2.0,2.0,1.0,1.0,11.0,25.04,7.33,1346.57,0.06,47.0,0.14,74.81,183.62,22.0,25.0,9.0,6.0,12.0,0
3.0,5.0,1.0,1.0,3.0,3.0,3.0,22.0,34.03,16.37,9130.93,0.19,107.0,0.06,507.27,557.41,43.0,64.0,21.0,16.0,23.0,0
4.0,5.0,0.0,1.0,3.0,3.0,1.0,27.0,45.16,12.29,6817.14,0.18,110.0,0.08,378.73,554.88,43.0,67.0,21.0,12.0,27.0,0
15.0,25.0,2.0,21.0,13.0,8.0,7.0,81.0,105.63,27.36,79066.26,0.96,443.0,0.04,4392.57,2889.94,185.0,258.0,71.0,21.0,83.0,0
35.0,15.0,2.0,18.0,8.0,7.0,4.0,52.0,63.17,24.68,38477.07,0.52,257.0,0.04,2137.62,1558.98,116.0,141.0,47.0,20.0,54.0,0
4.0,7.0,0.0,0.0,4.0,2.0,1.0,21.0,25.84,10.71,2966.84,0.09,57.0,0.09,164.82,276.9,20.0,37.0,14.0,15.0,21.0,0
10.0,9.0,2.0,0.0,5.0,3.0,3.0,19.0,21.11,20.5,8869.57,0.14,90.0,0.05,492.75,432.66,41.0,49.0,14.0,14.0,21.0,0
3.0,9.0,0.0,0.0,5.0,2.0,1.0,18.0,32.36,14.08,6418.99,0.15,92.0,0.07,356.61,455.79,39.0,53.0,18.0,13.0,18.0,0
4.0,9.0,0.0,47.0,5.0,5.0,1.0,21.0,59.67,14.3,12206.72,0.28,152.0,0.07,678.15,853.44,59.0,93.0,33.0,16.0,21.0,0
5.0,7.0,0.0,1.0,4.0,2.0,3.0,12.0,23.58,15.75,5849.31,0.12,73.0,0.06,324.96,371.38,28.0,45.0,16.0,18.0,12.0,0
7.0,7.0,0.0,0.0,4.0,2.0,1.0,14.0,21.63,16.67,6009.19,0.12,75.0,0.06,333.84,360.55,25.0,50.0,12.0,16.0,14.0,0
25.0,13.0,0.0,19.0,9.0,9.0,1.0,57.0,59.57,22.33,29696.99,0.44,211.0,0.04,1649.83,1330.1,86.0,125.0,52.0,27.0,57.0,0
1.0,3.0,0.0,0.0,2.0,1.0,1.0,11.0,13.47,4.0,215.55,0.02,17.0,0.25,11.98,53.89,4.0,13.0,3.0,6.0,11.0,0
2.0,5.0,1.0,3.0,3.0,1.0,1.0,13.0,17.5,12.5,2734.06,0.07,46.0,0.08,151.89,218.72,20.0,26.0,12.0,15.0,14.0,1
1.0,107.0,0.0,0.0,54.0,24.0,25.0,75.0,62.26,74.54,345890.61,1.55,694.0,0.01,19216.15,4640.43,255.0,439.0,65.0,38.0,75.0,0
1.0,73.0,0.0,0.0,37.0,18.0,18.0,67.0,56.51,54.89,170295.87,1.03,469.0,0.02,9460.88,3102.3,181.0,288.0,61.0,37.0,67.0,0
5.0,3.0,2.0,7.0,2.0,2.0,1.0,13.0,39.87,6.9,1898.17,0.09,60.0,0.14,105.45,275.1,23.0,37.0,15.0,9.0,15.0,0
24.0,7.0,11.0,29.0,4.0,1.0,1.0,41.0,66.5,19.73,25890.47,0.44,224.0,0.05,1438.36,1312.19,81.0,143.0,39.0,19.0,52.0,0
49.0,21.0,14.0,71.0,11.0,8.0,1.0,60.0,66.66,28.77,55178.46,0.64,294.0,0.03,3065.47,1917.93,125.0,169.0,63.0,29.0,74.0,1
2.0,15.0,3.0,0.0,9.0,7.0,4.0,18.0,19.75,23.8,11186.0,0.16,94.0,0.04,621.44,470.0,42.0,52.0,15.0,17.0,21.0,0
9.0,5.0,0.0,1.0,3.0,2.0,1.0,14.0,34.4,9.84,3332.3,0.11,69.0,0.1,185.13,338.58,34.0,35.0,19.0,11.0,14.0,0
2.0,7.0,0.0,0.0,4.0,2.0,3.0,9.0,10.4,19.0,3755.43,0.07,45.0,0.05,208.64,197.65,19.0,26.0,7.0,14.0,9.0,0
3.0,13.0,0.0,0.0,7.0,6.0,6.0,17.0,27.29,21.05,12094.31,0.19,112.0,0.05,671.91,574.48,50.0,62.0,19.0,16.0,17.0,0
1.0,7.0,0.0,0.0,4.0,4.0,1.0,11.0,28.49,13.18,4947.97,0.13,83.0,0.08,274.89,375.46,41.0,42.0,14.0,9.0,11.0,0
3.0,9.0,0.0,0.0,5.0,4.0,3.0,11.0,15.17,23.86,8637.06,0.12,77.0,0.04,479.84,361.93,35.0,42.0,11.0,15.0,11.0,0
3.0,11.0,0.0,0.0,6.0,1.0,1.0,16.0,19.33,16.82,5466.44,0.11,74.0,0.06,303.69,325.03,37.0,37.0,11.0,10.0,16.0,0
2.0,11.0,1.0,0.0,6.0,4.0,6.0,23.0,31.58,13.18,5483.42,0.14,84.0,0.08,304.63,416.15,32.0,52.0,17.0,14.0,24.0,0
2.0,3.0,0.0,0.0,2.0,1.0,1.0,16.0,25.68,12.5,4011.84,0.11,70.0,0.08,222.88,320.95,25.0,45.0,12.0,12.0,16.0,0
2.0,3.0,0.0,0.0,2.0,1.0,1.0,18.0,30.71,12.86,5076.47,0.13,84.0,0.08,282.03,394.84,30.0,54.0,14.0,12.0,18.0,0
2.0,5.0,0.0,0.0,3.0,3.0,1.0,12.0,18.35,8.33,1274.38,0.05,36.0,0.12,70.8,152.93,15.0,21.0,9.0,10.0,12.0,0
2.0,5.0,0.0,0.0,3.0,3.0,1.0,11.0,18.35,8.33,1274.38,0.05,36.0,0.12,70.8,152.93,15.0,21.0,9.0,10.0,11.0,0
1.0,11.0,0.0,0.0,6.0,1.0,6.0,23.0,23.89,25.29,15285.15,0.2,116.0,0.04,849.17,604.3,43.0,73.0,17.0,20.0,23.0,0
4.0,11.0,0.0,0.0,6.0,2.0,1.0,37.0,38.89,13.93,7545.68,0.18,97.0,0.07,419.2,541.74,39.0,58.0,28.0,20.0,37.0,0
7.0,7.0,0.0,3.0,5.0,5.0,1.0,34.0,41.62,13.04,7074.24,0.18,100.0,0.08,393.01,542.63,44.0,56.0,27.0,16.0,34.0,0
7.0,7.0,0.0,3.0,5.0,5.0,1.0,36.0,44.89,14.07,8885.44,0.21,115.0,0.07,493.64,631.56,51.0,64.0,29.0,16.0,36.0,0
2.0,3.0,0.0,0.0,2.0,2.0,1.0,20.0,32.95,7.44,1824.39,0.08,51.0,0.13,101.36,245.18,23.0,28.0,17.0,11.0,20.0,0
2.0,3.0,0.0,0.0,2.0,2.0,1.0,20.0,32.81,7.76,1978.37,0.08,53.0,0.13,109.91,254.79,24.0,29.0,17.0,11.0,20.0,0
3.0,5.0,0.0,0.0,3.0,2.0,3.0,14.0,20.9,8.67,1569.62,0.06,39.0,0.12,87.2,181.11,16.0,23.0,12.0,13.0,14.0,0
30.0,36.0,1.0,6.0,27.0,27.0,8.0,122.0,63.2,42.84,115969.02,0.9,388.0,0.02,6442.72,2707.18,149.0,239.0,80.0,46.0,123.0,0
10.0,3.0,2.0,0.0,2.0,2.0,1.0,26.0,65.33,14.63,13972.73,0.32,175.0,0.07,776.26,955.4,78.0,97.0,32.0,12.0,28.0,0
14.0,17.0,8.0,6.0,9.0,5.0,5.0,28.0,51.55,12.0,7423.67,0.21,112.0,0.08,412.43,618.64,45.0,67.0,30.0,16.0,36.0,0
8.0,3.0,0.0,3.0,2.0,2.0,1.0,21.0,35.63,14.48,7465.89,0.17,99.0,0.07,414.77,515.74,38.0,61.0,21.0,16.0,21.0,0
11.0,11.0,1.0,27.0,6.0,3.0,1.0,43.0,47.47,22.17,23323.93,0.35,182.0,0.05,1295.77,1052.21,84.0,98.0,36.0,19.0,44.0,0
19.0,15.0,2.0,38.0,8.0,2.0,4.0,62.0,42.11,37.19,58228.77,0.52,260.0,0.03,3234.93,1565.82,119.0,141.0,40.0,25.0,64.0,0
12.0,12.0,2.0,12.0,7.0,6.0,1.0,52.0,43.19,20.71,18517.95,0.3,154.0,0.05,1028.77,894.33,64.0,90.0,34.0,22.0,54.0,0
6.0,7.0,1.0,12.0,4.0,4.0,1.0,31.0,41.14,13.54,7538.26,0.19,102.0,0.07,418.79,556.86,43.0,59.0,27.0,17.0,32.0,0
27.0,39.0,2.0,35.0,20.0,10.0,12.0,87.0,92.24,23.83,52396.16,0.73,337.0,0.04,2910.9,2198.44,143.0,194.0,69.0,23.0,89.0,0
13.0,21.0,3.0,33.0,11.0,4.0,5.0,64.0,62.91,28.21,50051.79,0.59,284.0,0.04,2780.66,1774.41,130.0,154.0,53.0,23.0,67.0,0
19.0,15.0,2.0,35.0,8.0,2.0,4.0,62.0,41.25,40.3,66987.0,0.55,275.0,0.02,3721.5,1662.21,124.0,151.0,40.0,26.0,64.0,0
16.0,9.0,5.0,22.0,5.0,5.0,1.0,37.0,61.13,14.05,12066.02,0.29,146.0,0.07,670.33,858.87,64.0,82.0,41.0,18.0,42.0,0
32.0,61.0,4.0,60.0,31.0,13.0,23.0,126.0,88.43,42.69,161178.36,1.26,560.0,0.02,8954.35,3775.22,253.0,307.0,80.0,27.0,130.0,0
3.0,3.0,0.0,0.0,2.0,1.0,1.0,10.0,8.79,12.0,1265.83,0.04,27.0,0.08,70.32,105.49,12.0,15.0,5.0,10.0,10.0,0
39.0,41.0,2.0,62.0,21.0,5.0,4.0,150.0,85.6,33.3,94929.66,0.95,430.0,0.03,5273.87,2850.62,187.0,243.0,73.0,26.0,152.0,1
2.0,3.0,0.0,3.0,2.0,2.0,1.0,12.0,23.5,4.0,376.05,0.03,23.0,0.25,20.89,94.01,9.0,14.0,9.0,8.0,12.0,0
2.0,9.0,1.0,3.0,5.0,2.0,1.0,9.0,13.72,23.38,7494.65,0.11,66.0,0.04,416.37,320.63,33.0,33.0,12.0,17.0,10.0,0
0.0,5.0,0.0,0.0,3.0,3.0,1.0,8.0,17.84,12.0,2568.63,0.07,48.0,0.08,142.7,214.05,24.0,24.0,11.0,11.0,8.0,0
0.0,7.0,0.0,0.0,4.0,1.0,1.0,14.0,13.04,18.56,4494.57,0.08,57.0,0.05,249.7,242.13,27.0,30.0,8.0,11.0,14.0,0
0.0,7.0,0.0,0.0,4.0,2.0,1.0,12.0,15.35,20.67,6557.23,0.11,66.0,0.05,364.29,317.29,31.0,35.0,12.0,16.0,12.0,0
4.0,11.0,0.0,0.0,6.0,2.0,3.0,19.0,17.53,23.33,9541.89,0.14,87.0,0.04,530.11,408.94,40.0,47.0,12.0,14.0,19.0,0
0.0,13.0,0.0,1.0,7.0,3.0,1.0,11.0,11.3,26.81,8126.06,0.1,69.0,0.04,451.45,303.07,33.0,36.0,8.0,13.0,11.0,0
1.0,7.0,0.0,1.0,4.0,1.0,1.0,13.0,14.3,23.27,7746.14,0.11,70.0,0.04,430.34,332.84,32.0,38.0,11.0,16.0,13.0,0
1.0,13.0,0.0,0.0,7.0,2.0,1.0,14.0,29.59,14.55,6259.35,0.14,82.0,0.07,347.74,430.33,40.0,42.0,22.0,16.0,14.0,0
7.0,7.0,1.0,0.0,4.0,3.0,1.0,30.0,29.83,40.13,48033.42,0.4,222.0,0.02,2668.52,1197.09,107.0,115.0,24.0,18.0,31.0,0
7.0,11.0,1.0,0.0,6.0,1.0,1.0,34.0,32.18,45.0,65170.26,0.48,278.0,0.02,3620.57,1448.23,132.0,146.0,22.0,15.0,35.0,0
0.0,7.0,0.0,0.0,4.0,1.0,4.0,6.0,14.12,9.63,1308.36,0.05,32.0,0.1,72.69,135.93,14.0,18.0,8.0,11.0,6.0,0
0.0,3.0,0.0,0.0,2.0,2.0,1.0,6.0,11.42,6.67,507.65,0.03,20.0,0.15,28.2,76.15,10.0,10.0,6.0,8.0,6.0,0
0.0,7.0,0.0,0.0,4.0,2.0,1.0,12.0,15.35,20.67,6557.23,0.11,66.0,0.05,364.29,317.29,31.0,35.0,12.0,16.0,12.0,0
0.0,3.0,0.0,0.0,2.0,1.0,1.0,6.0,7.57,9.0,613.03,0.02,19.0,0.11,34.06,68.11,9.0,10.0,4.0,8.0,6.0,0
0.0,5.0,0.0,0.0,3.0,3.0,1.0,7.0,13.51,13.33,2401.13,0.06,41.0,0.08,133.4,180.09,20.0,21.0,9.0,12.0,7.0,0
0.0,3.0,0.0,1.0,2.0,1.0,1.0,6.0,16.82,8.33,1168.18,0.05,33.0,0.12,64.9,140.18,15.0,18.0,9.0,10.0,6.0,0
0.0,9.0,0.0,1.0,5.0,5.0,1.0,8.0,13.02,19.25,4824.58,0.08,59.0,0.05,268.03,250.63,28.0,31.0,8.0,11.0,8.0,0
0.0,5.0,0.0,0.0,3.0,3.0,1.0,8.0,17.66,11.5,2336.0,0.07,47.0,0.09,129.78,203.13,23.0,24.0,10.0,10.0,8.0,0
3.0,3.0,0.0,2.0,2.0,2.0,1.0,42.0,100.54,28.52,81768.15,0.96,471.0,0.04,4542.68,2867.19,220.0,251.0,54.0,14.0,42.0,0
0.0,3.0,0.0,0.0,2.0,1.0,1.0,6.0,6.5,6.0,234.0,0.01,13.0,0.17,13.0,39.0,4.0,9.0,2.0,6.0,6.0,0
0.0,5.0,0.0,0.0,3.0,3.0,1.0,7.0,17.66,11.5,2336.0,0.07,47.0,0.09,129.78,203.13,23.0,24.0,10.0,10.0,7.0,0
2.0,5.0,1.0,1.0,3.0,3.0,1.0,14.0,33.76,11.7,4621.5,0.13,79.0,0.09,256.75,395.0,39.0,40.0,20.0,12.0,15.0,0
0.0,5.0,1.0,0.0,3.0,3.0,1.0,8.0,22.64,5.73,742.59,0.04,30.0,0.17,41.25,129.66,14.0,16.0,11.0,9.0,9.0,0
0.0,5.0,1.0,0.0,3.0,3.0,1.0,12.0,9.76,27.0,7115.55,0.09,60.0,0.04,395.31,263.54,27.0,33.0,7.0,14.0,13.0,0
0.0,9.0,0.0,0.0,5.0,1.0,3.0,11.0,16.86,17.14,4949.88,0.1,63.0,0.06,274.99,288.85,29.0,34.0,11.0,13.0,11.0,0
2.0,3.0,0.0,0.0,2.0,2.0,1.0,14.0,18.15,15.0,4084.22,0.09,63.0,0.07,226.9,272.28,30.0,33.0,10.0,10.0,14.0,0
0.0,7.0,0.0,0.0,4.0,3.0,1.0,17.0,25.55,11.15,3178.67,0.09,63.0,0.09,176.59,284.98,29.0,34.0,13.0,10.0,17.0,0
0.0,97.0,0.0,0.0,49.0,4.0,1.0,69.0,46.69,123.06,707027.78,1.92,1018.0,0.01,39279.32,5745.45,523.0,495.0,34.0,16.0,69.0,0
0.0,3.0,0.0,0.0,2.0,2.0,1.0,4.0,8.57,5.25,236.11,0.01,13.0,0.19,13.12,44.97,6.0,7.0,4.0,7.0,4.0,0
0.0,5.0,0.0,0.0,3.0,2.0,3.0,6.0,19.25,6.5,813.14,0.04,30.0,0.15,45.17,125.1,13.0,17.0,9.0,9.0,6.0,0
1.0,13.0,0.0,1.0,7.0,3.0,1.0,17.0,12.97,39.75,20489.85,0.17,111.0,0.03,1138.33,515.47,53.0,58.0,10.0,15.0,17.0,0
0.0,5.0,0.0,0.0,3.0,1.0,1.0,6.0,18.88,9.0,1529.25,0.06,40.0,0.11,84.96,169.92,20.0,20.0,10.0,9.0,6.0,0
0.0,5.0,0.0,0.0,3.0,3.0,1.0,7.0,15.57,12.6,2472.31,0.07,44.0,0.08,137.35,196.21,21.0,23.0,10.0,12.0,7.0,0
0.0,3.0,0.0,1.0,2.0,1.0,1.0,7.0,16.82,8.33,1168.18,0.05,33.0,0.12,64.9,140.18,15.0,18.0,9.0,10.0,7.0,0
0.0,7.0,0.0,0.0,4.0,2.0,1.0,12.0,15.35,20.67,6557.23,0.11,66.0,0.05,364.29,317.29,31.0,35.0,12.0,16.0,12.0,0
0.0,3.0,0.0,0.0,2.0,2.0,1.0,12.0,16.73,11.0,2024.0,0.06,46.0,0.09,112.44,184.0,22.0,24.0,8.0,8.0,12.0,0
0.0,5.0,1.0,0.0,3.0,2.0,1.0,11.0,25.67,11.09,3155.71,0.09,58.0,0.09,175.32,284.6,29.0,29.0,17.0,13.0,12.0,0
0.0,5.0,0.0,0.0,3.0,3.0,1.0,8.0,24.59,11.38,3181.51,0.09,57.0,0.09,176.75,279.69,26.0,31.0,16.0,14.0,8.0,0
0.0,11.0,0.0,0.0,6.0,4.0,6.0,14.0,16.89,18.31,5659.53,0.1,63.0,0.05,314.42,309.13,28.0,35.0,13.0,17.0,14.0,0
0.0,15.0,0.0,0.0,8.0,2.0,3.0,24.0,15.29,43.21,28547.12,0.22,136.0,0.02,1585.95,660.69,61.0,75.0,12.0,17.0,24.0,0
3.0,15.0,0.0,0.0,8.0,5.0,3.0,18.0,25.26,27.6,19238.64,0.23,131.0,0.04,1068.81,697.17,61.0,70.0,21.0,19.0,18.0,0
1.0,16.0,0.0,0.0,10.0,9.0,1.0,23.0,19.57,30.94,18729.81,0.2,119.0,0.03,1040.55,605.41,55.0,64.0,16.0,18.0,23.0,0
1.0,15.0,0.0,0.0,8.0,2.0,7.0,11.0,15.48,21.0,6826.47,0.11,70.0,0.05,379.25,325.07,28.0,42.0,10.0,15.0,11.0,0
2.0,15.0,0.0,0.0,8.0,1.0,8.0,22.0,15.12,25.5,9828.72,0.13,83.0,0.04,546.04,385.44,34.0,49.0,10.0,15.0,22.0,0
1.0,13.0,0.0,0.0,7.0,1.0,6.0,8.0,8.51,21.12,3799.3,0.06,44.0,0.05,211.07,179.85,13.0,31.0,4.0,13.0,8.0,0
1.0,9.0,0.0,0.0,5.0,1.0,3.0,10.0,8.52,19.25,3158.72,0.05,42.0,0.05,175.48,164.09,14.0,28.0,4.0,11.0,10.0,0
1.0,3.0,0.0,0.0,2.0,2.0,1.0,9.0,11.82,10.83,1386.67,0.04,32.0,0.09,77.04,128.0,13.0,19.0,6.0,10.0,9.0,0
2.0,7.0,0.0,0.0,4.0,1.0,4.0,6.0,7.22,13.33,1282.82,0.03,26.0,0.08,71.27,96.21,8.0,18.0,3.0,10.0,6.0,0
1.0,9.0,0.0,0.0,5.0,1.0,5.0,11.0,8.77,18.7,3066.8,0.05,41.0,0.05,170.38,164.0,17.0,24.0,5.0,11.0,11.0,0
1.0,5.0,0.0,0.0,3.0,1.0,1.0,7.0,6.02,18.33,2024.24,0.04,29.0,0.05,112.46,110.41,10.0,19.0,3.0,11.0,7.0,0
1.0,7.0,0.0,0.0,4.0,2.0,4.0,6.0,10.28,10.0,1027.99,0.03,27.0,0.1,57.11,102.8,8.0,19.0,4.0,10.0,6.0,0
2.0,11.0,0.0,0.0,6.0,1.0,5.0,7.0,9.45,16.5,2574.0,0.05,39.0,0.06,143.0,156.0,11.0,28.0,4.0,12.0,7.0,0
1.0,7.0,0.0,0.0,4.0,1.0,1.0,10.0,6.88,24.38,4084.91,0.06,41.0,0.04,226.94,167.59,15.0,26.0,4.0,13.0,10.0,0
1.0,11.0,0.0,0.0,6.0,2.0,5.0,9.0,10.31,18.2,3415.17,0.06,45.0,0.05,189.73,187.65,14.0,31.0,5.0,13.0,9.0,0
1.0,3.0,0.0,0.0,2.0,2.0,1.0,5.0,11.2,7.5,630.0,0.03,21.0,0.13,35.0,84.0,9.0,12.0,6.0,10.0,5.0,0
1.0,5.0,0.0,0.0,3.0,1.0,1.0,7.0,6.38,13.33,1134.8,0.03,23.0,0.08,63.04,85.11,8.0,15.0,3.0,10.0,7.0,0
2.0,11.0,0.0,0.0,6.0,3.0,3.0,9.0,10.61,23.21,5718.84,0.08,57.0,0.04,317.71,246.35,25.0,32.0,7.0,13.0,9.0,0
1.0,11.0,0.0,0.0,6.0,1.0,5.0,11.0,8.91,22.4,4472.22,0.07,47.0,0.04,248.46,199.65,16.0,31.0,5.0,14.0,11.0,0
2.0,15.0,0.0,0.0,8.0,1.0,7.0,11.0,11.15,24.0,6421.58,0.09,60.0,0.04,356.75,267.57,18.0,42.0,6.0,16.0,11.0,0
1.0,9.0,0.0,0.0,5.0,1.0,5.0,10.0,8.7,21.0,3835.88,0.06,43.0,0.05,213.1,182.66,15.0,28.0,5.0,14.0,10.0,0
2.0,13.0,0.0,0.0,7.0,5.0,6.0,11.0,7.15,29.75,6326.82,0.07,51.0,0.03,351.49,212.67,17.0,34.0,4.0,14.0,11.0,0
3.0,37.0,0.0,0.0,19.0,3.0,17.0,27.0,28.02,46.1,59529.74,0.43,238.0,0.02,3307.21,1291.45,88.0,150.0,21.0,22.0,27.0,0
1.0,5.0,0.0,0.0,3.0,2.0,3.0,7.0,10.91,8.8,844.8,0.03,24.0,0.11,46.93,96.0,8.0,16.0,5.0,11.0,7.0,0
2.0,17.0,0.0,0.0,9.0,2.0,9.0,16.0,10.13,32.58,10759.67,0.11,73.0,0.03,597.76,330.22,23.0,50.0,6.0,17.0,16.0,0
2.0,7.0,0.0,0.0,4.0,2.0,4.0,7.0,7.8,19.6,2997.34,0.05,36.0,0.05,166.52,152.93,14.0,22.0,5.0,14.0,7.0,0
1.0,11.0,0.0,0.0,6.0,2.0,6.0,12.0,12.67,21.85,6050.37,0.09,57.0,0.05,336.13,276.9,23.0,34.0,10.0,19.0,12.0,0
1.0,11.0,0.0,0.0,6.0,2.0,6.0,12.0,11.97,25.0,7483.01,0.1,61.0,0.04,415.72,299.32,25.0,36.0,10.0,20.0,12.0,0
2.0,5.0,0.0,0.0,3.0,1.0,1.0,10.0,10.25,21.0,4519.69,0.07,49.0,0.05,251.09,215.22,21.0,28.0,7.0,14.0,10.0,0
1.0,5.0,0.0,0.0,3.0,2.0,3.0,8.0,9.65,14.08,1914.4,0.05,32.0,0.07,106.36,135.93,13.0,19.0,6.0,13.0,8.0,0
1.0,5.0,0.0,0.0,3.0,2.0,3.0,7.0,9.57,8.75,732.92,0.03,22.0,0.11,40.72,83.76,7.0,15.0,4.0,10.0,7.0,0
1.0,9.0,0.0,0.0,5.0,1.0,1.0,18.0,11.47,28.0,8990.21,0.11,72.0,0.04,499.46,321.08,32.0,40.0,8.0,14.0,18.0,0
1.0,9.0,0.0,0.0,5.0,1.0,5.0,11.0,8.42,20.4,3502.14,0.06,42.0,0.05,194.56,171.67,17.0,25.0,5.0,12.0,11.0,0
2.0,17.0,0.0,0.0,9.0,1.0,9.0,16.0,9.47,31.5,9393.71,0.1,69.0,0.03,521.87,298.21,21.0,48.0,5.0,15.0,16.0,0
2.0,7.0,0.0,0.0,4.0,1.0,1.0,12.0,14.41,15.0,3241.45,0.07,50.0,0.07,180.08,216.1,20.0,30.0,8.0,12.0,12.0,0
0.0,5.0,0.0,0.0,3.0,2.0,1.0,5.0,4.54,15.0,1021.71,0.02,19.0,0.07,56.76,68.11,6.0,13.0,2.0,10.0,5.0,0
0.0,5.0,0.0,0.0,3.0,2.0,1.0,5.0,4.54,15.0,1021.71,0.02,19.0,0.07,56.76,68.11,6.0,13.0,2.0,10.0,5.0,0
1.0,5.0,0.0,0.0,3.0,2.0,3.0,8.0,10.76,14.86,2375.83,0.05,37.0,0.07,131.99,159.91,16.0,21.0,7.0,13.0,8.0,0
1.0,13.0,0.0,0.0,7.0,3.0,4.0,20.0,33.58,20.52,14141.06,0.23,127.0,0.05,785.61,689.14,57.0,70.0,25.0,18.0,20.0,0
7.0,85.0,4.0,0.0,43.0,27.0,18.0,136.0,170.88,39.94,272550.45,2.27,920.0,0.03,15141.69,6824.42,426.0,494.0,144.0,27.0,140.0,0
1.0,11.0,0.0,0.0,6.0,3.0,1.0,17.0,14.61,21.67,6860.09,0.11,71.0,0.05,381.12,316.62,30.0,41.0,9.0,13.0,17.0,0
3.0,9.0,0.0,0.0,5.0,4.0,1.0,24.0,31.59,18.2,10462.88,0.19,113.0,0.05,581.27,574.88,52.0,61.0,20.0,14.0,24.0,0
2.0,5.0,0.0,1.0,3.0,3.0,1.0,13.0,20.13,10.91,2395.81,0.07,50.0,0.09,133.1,219.62,24.0,26.0,11.0,10.0,13.0,0
4.0,29.0,0.0,5.0,15.0,8.0,1.0,36.0,40.52,27.02,29576.11,0.36,193.0,0.04,1643.12,1094.78,91.0,102.0,32.0,19.0,36.0,0
1.0,5.0,0.0,0.0,3.0,3.0,1.0,8.0,22.33,6.0,803.88,0.04,31.0,0.17,44.66,133.98,12.0,19.0,10.0,10.0,8.0,0
3.0,23.0,0.0,1.0,12.0,6.0,6.0,45.0,49.36,26.92,35782.13,0.44,225.0,0.04,1987.9,1329.05,100.0,125.0,39.0,21.0,45.0,0
2.0,7.0,1.0,0.0,4.0,4.0,1.0,12.0,27.6,10.56,3078.75,0.1,60.0,0.09,171.04,291.48,26.0,34.0,16.0,13.0,13.0,0
1.0,5.0,0.0,0.0,3.0,1.0,3.0,12.0,10.49,18.0,3399.65,0.06,43.0,0.06,188.87,188.87,18.0,25.0,7.0,14.0,12.0,0
1.0,5.0,0.0,0.0,3.0,1.0,3.0,10.0,10.26,13.0,1734.69,0.04,32.0,0.08,96.37,133.44,13.0,19.0,6.0,12.0,10.0,0
0.0,13.0,0.0,0.0,7.0,4.0,1.0,12.0,39.03,10.86,4600.49,0.14,84.0,0.09,255.58,423.73,38.0,46.0,21.0,12.0,12.0,0
2.0,9.0,1.0,0.0,5.0,5.0,5.0,23.0,24.71,24.08,14329.51,0.2,116.0,0.04,796.08,595.0,51.0,65.0,18.0,17.0,24.0,0
2.0,21.0,2.0,4.0,11.0,3.0,6.0,28.0,25.12,32.0,25722.21,0.27,158.0,0.03,1429.01,803.82,72.0,86.0,18.0,16.0,30.0,0
1.0,7.0,1.0,0.0,4.0,2.0,3.0,17.0,18.99,16.32,5067.07,0.1,66.0,0.06,281.5,310.23,28.0,38.0,12.0,14.0,18.0,0
9.0,3.0,0.0,8.0,2.0,2.0,1.0,14.0,37.7,7.78,2280.82,0.1,61.0,0.13,126.71,293.25,28.0,33.0,18.0,10.0,14.0,0
7.0,8.0,0.0,0.0,6.0,5.0,1.0,28.0,34.79,13.73,6559.11,0.16,86.0,0.07,364.4,477.69,34.0,52.0,26.0,21.0,28.0,1
2.0,3.0,0.0,0.0,2.0,2.0,1.0,7.0,19.12,3.0,172.08,0.02,16.0,0.33,9.56,57.36,6.0,10.0,6.0,6.0,7.0,0
11.0,13.0,1.0,0.0,7.0,5.0,5.0,29.0,50.36,13.68,9420.58,0.23,124.0,0.07,523.37,688.77,53.0,71.0,31.0,16.0,30.0,0
5.0,5.0,2.0,0.0,3.0,1.0,1.0,17.0,19.77,16.0,5061.8,0.11,69.0,0.06,281.21,316.36,32.0,37.0,12.0,12.0,19.0,0
5.0,5.0,2.0,0.0,3.0,1.0,1.0,17.0,19.77,16.0,5061.8,0.11,69.0,0.06,281.21,316.36,32.0,37.0,12.0,12.0,19.0,0
1.0,5.0,0.0,0.0,3.0,2.0,3.0,10.0,13.35,18.0,4326.62,0.08,50.0,0.06,240.37,240.37,20.0,30.0,10.0,18.0,10.0,0
7.0,3.0,0.0,0.0,2.0,1.0,1.0,5.0,11.15,7.33,599.49,0.03,20.0,0.14,33.31,81.75,8.0,12.0,6.0,11.0,5.0,0
1.0,41.0,4.0,1.0,28.0,13.0,14.0,99.0,42.16,111.54,524548.83,1.57,687.0,0.01,29141.6,4702.85,290.0,397.0,65.0,50.0,103.0,0
5.0,31.0,6.0,0.0,16.0,4.0,6.0,33.0,46.98,26.4,32740.09,0.41,201.0,0.04,1818.89,1240.15,88.0,113.0,45.0,27.0,39.0,0
5.0,31.0,0.0,0.0,16.0,9.0,7.0,38.0,49.32,28.33,39595.17,0.47,228.0,0.04,2199.73,1397.48,102.0,126.0,45.0,25.0,38.0,0
1.0,15.0,0.0,0.0,8.0,5.0,5.0,18.0,26.75,22.92,14050.56,0.2,111.0,0.04,780.59,613.12,50.0,61.0,24.0,22.0,18.0,0
0.0,3.0,0.0,0.0,2.0,2.0,1.0,10.0,18.6,6.5,786.03,0.04,29.0,0.15,43.67,120.93,13.0,16.0,9.0,9.0,10.0,0
7.0,11.0,0.0,7.0,6.0,5.0,4.0,35.0,63.04,29.85,56178.07,0.63,305.0,0.03,3121.0,1881.83,145.0,160.0,51.0,21.0,35.0,0
1.0,35.0,0.0,0.0,18.0,6.0,13.0,26.0,37.29,35.81,47834.26,0.45,228.0,0.03,2657.46,1335.62,109.0,119.0,35.0,23.0,26.0,0
1.0,3.0,0.0,0.0,2.0,2.0,1.0,9.0,19.34,12.31,2929.74,0.08,49.0,0.08,162.76,238.04,20.0,29.0,13.0,16.0,9.0,0
0.0,5.0,0.0,0.0,3.0,3.0,3.0,4.0,12.61,6.75,574.49,0.03,23.0,0.15,31.92,85.11,6.0,17.0,4.0,9.0,4.0,0
0.0,5.0,0.0,0.0,3.0,3.0,3.0,6.0,13.67,8.0,875.14,0.04,28.0,0.13,48.62,109.39,8.0,20.0,5.0,10.0,6.0,0
1.0,7.0,0.0,0.0,4.0,3.0,3.0,8.0,14.4,10.0,1440.0,0.05,36.0,0.1,80.0,144.0,12.0,24.0,6.0,10.0,8.0,0
1.0,3.0,0.0,0.0,2.0,1.0,1.0,5.0,10.75,6.0,387.18,0.02,18.0,0.17,21.51,64.53,6.0,12.0,4.0,8.0,5.0,0
1.0,3.0,0.0,0.0,2.0,1.0,1.0,5.0,11.86,5.25,326.92,0.02,18.0,0.19,18.16,62.27,6.0,12.0,4.0,7.0,5.0,0
5.0,3.0,0.0,0.0,2.0,2.0,1.0,14.0,25.22,9.21,2138.11,0.08,50.0,0.11,118.78,232.19,17.0,33.0,12.0,13.0,14.0,0
0.0,3.0,0.0,0.0,2.0,1.0,1.0,0.0,13.29,3.0,119.59,0.01,12.0,0.33,6.64,39.86,4.0,8.0,4.0,6.0,0.0,0
0.0,3.0,0.0,0.0,2.0,1.0,1.0,0.0,9.51,4.0,152.16,0.01,12.0,0.25,8.45,38.04,4.0,8.0,3.0,6.0,0.0,0
0.0,3.0,0.0,0.0,2.0,1.0,1.0,0.0,9.51,4.0,152.16,0.01,12.0,0.25,8.45,38.04,4.0,8.0,3.0,6.0,0.0,0
0.0,3.0,0.0,0.0,2.0,1.0,1.0,0.0,9.51,4.0,152.16,0.01,12.0,0.25,8.45,38.04,4.0,8.0,3.0,6.0,0.0,0
0.0,3.0,0.0,0.0,2.0,1.0,1.0,0.0,9.51,4.0,152.16,0.01,12.0,0.25,8.45,38.04,4.0,8.0,3.0,6.0,0.0,0
0.0,3.0,0.0,0.0,2.0,1.0,1.0,0.0,13.29,3.0,119.59,0.01,12.0,0.33,6.64,39.86,4.0,8.0,4.0,6.0,0.0,0
1.0,5.0,0.0,0.0,3.0,1.0,3.0,15.0,30.72,25.5,19978.47,0.26,154.0,0.04,1109.91,783.47,51.0,103.0,17.0,17.0,15.0,0
1.0,7.0,0.0,0.0,4.0,1.0,4.0,9.0,17.8,12.28,2682.84,0.07,49.0,0.08,149.05,218.51,17.0,32.0,9.0,13.0,9.0,0
0.0,3.0,0.0,0.0,2.0,1.0,1.0,5.0,16.21,4.2,286.08,0.02,19.0,0.24,15.89,68.11,6.0,13.0,5.0,7.0,5.0,0
0.0,5.0,0.0,0.0,3.0,3.0,1.0,13.0,14.28,9.33,1243.74,0.04,35.0,0.11,69.1,133.26,14.0,21.0,6.0,8.0,13.0,0
1.0,7.0,0.0,0.0,4.0,1.0,1.0,26.0,47.13,21.56,21902.46,0.34,185.0,0.05,1216.8,1015.99,59.0,126.0,26.0,19.0,26.0,0
1.0,9.0,0.0,0.0,5.0,2.0,1.0,18.0,15.61,23.18,8390.28,0.12,77.0,0.04,466.13,361.93,34.0,43.0,11.0,15.0,18.0,0
1.0,11.0,0.0,0.0,6.0,2.0,5.0,23.0,18.18,25.38,11715.15,0.15,96.0,0.04,650.84,461.51,44.0,52.0,13.0,15.0,23.0,0
4.0,24.0,10.0,1.0,16.0,5.0,1.0,64.0,36.82,82.8,252471.13,1.02,488.0,0.01,14026.17,3048.99,194.0,294.0,41.0,35.0,74.0,0
1.0,3.0,0.0,0.0,2.0,1.0,1.0,9.0,10.53,13.2,1834.45,0.05,34.0,0.08,101.91,138.97,11.0,23.0,5.0,12.0,9.0,0
1.0,5.0,1.0,0.0,3.0,3.0,1.0,21.0,41.65,8.64,3111.43,0.12,72.0,0.12,172.86,360.0,33.0,39.0,21.0,11.0,22.0,0
4.0,5.0,0.0,6.0,3.0,1.0,1.0,13.0,16.59,15.82,4150.16,0.09,58.0,0.06,230.56,262.37,29.0,29.0,11.0,12.0,13.0,0
1.0,19.0,0.0,0.0,10.0,5.0,6.0,13.0,19.75,20.46,8269.85,0.13,85.0,0.05,459.44,404.17,38.0,47.0,13.0,14.0,13.0,0
5.0,69.0,0.0,0.0,35.0,11.0,19.0,65.0,70.75,49.5,173359.85,1.17,526.0,0.02,9631.1,3502.22,204.0,322.0,68.0,33.0,65.0,0
62.0,71.0,42.0,24.0,36.0,17.0,1.0,102.0,83.06,87.53,636348.83,2.42,1070.0,0.01,35352.71,7270.02,495.0,575.0,82.0,29.0,144.0,0
1.0,3.0,3.0,3.0,2.0,1.0,1.0,7.0,14.49,36.4,19192.65,0.18,115.0,0.03,1066.26,527.27,52.0,63.0,10.0,14.0,10.0,0
56.0,71.0,42.0,24.0,36.0,17.0,1.0,99.0,79.48,89.75,640223.79,2.38,1056.0,0.01,35567.99,7133.16,489.0,567.0,79.0,29.0,141.0,0
6.0,7.0,2.0,7.0,4.0,2.0,1.0,26.0,27.15,19.13,9929.59,0.17,108.0,0.05,551.64,519.19,51.0,57.0,16.0,12.0,28.0,0
4.0,20.0,2.0,2.0,12.0,5.0,1.0,43.0,47.52,28.6,38870.09,0.45,221.0,0.03,2159.45,1359.09,99.0,122.0,45.0,26.0,45.0,0
4.0,11.0,0.0,3.0,6.0,4.0,4.0,24.0,29.2,19.5,11102.33,0.19,111.0,0.05,616.8,569.35,52.0,59.0,20.0,15.0,24.0,0
2.0,3.0,0.0,1.0,2.0,2.0,1.0,7.0,17.79,5.63,562.94,0.03,24.0,0.18,31.27,100.08,9.0,15.0,8.0,10.0,7.0,0
