$BRANCH_COUNT,$LOC_CODE_AND_COMMENT,$LOC_COMMENTS,$CYCLOMATIC_COMPLEXITY,$DESIGN_COMPLEXITY,$ESSENTIAL_COMPLEXITY,$LOC_EXECUTABLE,$HALSTEAD_CONTENT,$HALSTEAD_DIFFICULTY,$HALSTEAD_EFFORT,$HALSTEAD_ERROR_EST,$HALSTEAD_LENGTH,$HALSTEAD_LEVEL,$HALSTEAD_PROG_TIME,$HALSTEAD_VOLUME,$NUM_OPERANDS,$NUM_OPERATORS,$NUM_UNIQUE_OPERANDS,$NUM_UNIQUE_OPERATORS,$LOC_TOTAL,$>Defective
3.0,2.0,5.0,2.0,2.0,1.0,1.0,9.0,3.0,81.0,0.01,9.0,0.33,4.5,27.0,2.0,7.0,2.0,6.0,3.0,0
3.0,0.0,0.0,2.0,2.0,1.0,0.0,8.3,4.0,132.88,0.01,10.0,0.25,7.38,33.22,2.0,8.0,2.0,8.0,0.0,0
7.0,10.0,1.0,4.0,4.0,1.0,3.0,14.36,24.56,8656.64,0.12,75.0,0.04,480.92,352.53,26.0,49.0,9.0,17.0,13.0,0
7.0,9.0,1.0,4.0,4.0,1.0,3.0,18.18,17.0,5255.28,0.1,63.0,0.06,291.96,309.13,26.0,37.0,13.0,17.0,12.0,0
7.0,21.0,1.0,4.0,2.0,4.0,4.0,19.5,21.43,8952.56,0.14,86.0,0.05,497.36,417.79,40.0,46.0,14.0,15.0,25.0,0
3.0,9.0,0.0,2.0,2.0,1.0,3.0,18.73,11.11,2312.76,0.07,49.0,0.09,128.49,208.15,20.0,29.0,9.0,10.0,12.0,0
3.0,1.0,0.0,2.0,1.0,1.0,1.0,9.08,5.33,258.3,0.02,14.0,0.19,14.35,48.43,4.0,10.0,3.0,8.0,2.0,0
5.0,35.0,67.0,3.0,2.0,1.0,3.0,54.07,19.38,20319.16,0.35,192.0,0.05,1128.84,1048.21,56.0,136.0,26.0,18.0,38.0,0
5.0,4.0,0.0,3.0,2.0,3.0,1.0,7.99,7.88,495.4,0.02,17.0,0.13,27.52,62.91,7.0,10.0,4.0,9.0,5.0,0
5.0,4.0,0.0,3.0,3.0,3.0,1.0,17.44,5.63,551.81,0.03,24.0,0.18,30.66,98.1,10.0,14.0,8.0,9.0,5.0,0
77.0,204.0,72.0,39.0,39.0,1.0,12.0,286.79,27.72,220367.27,2.65,1044.0,0.04,12242.63,7949.76,462.0,582.0,175.0,21.0,216.0,0
3.0,4.0,0.0,2.0,1.0,1.0,1.0,10.99,3.75,154.53,0.01,13.0,0.27,8.59,41.21,6.0,7.0,4.0,5.0,5.0,0
7.0,9.0,0.0,4.0,3.0,1.0,2.0,11.84,17.06,3447.42,0.07,46.0,0.06,191.52,202.05,21.0,25.0,8.0,13.0,11.0,0
5.0,4.0,0.0,3.0,3.0,1.0,1.0,10.03,17.33,3014.58,0.06,39.0,0.06,167.48,173.92,13.0,26.0,6.0,16.0,5.0,0
7.0,18.0,40.0,5.0,5.0,1.0,3.0,24.19,12.38,3709.91,0.1,63.0,0.08,206.11,299.56,23.0,40.0,13.0,14.0,21.0,0
7.0,21.0,48.0,5.0,5.0,1.0,3.0,26.15,12.5,4086.25,0.11,68.0,0.08,227.01,326.9,25.0,43.0,14.0,14.0,24.0,0
5.0,3.0,0.0,3.0,2.0,1.0,1.0,11.72,9.0,949.37,0.04,27.0,0.11,52.74,105.49,12.0,15.0,6.0,9.0,4.0,0
7.0,4.0,0.0,4.0,1.0,1.0,1.0,16.48,8.25,1121.45,0.05,32.0,0.12,62.3,135.93,12.0,20.0,8.0,11.0,5.0,0
5.0,12.0,0.0,3.0,1.0,1.0,2.0,11.04,18.86,3925.09,0.07,49.0,0.05,218.06,208.15,22.0,27.0,7.0,12.0,14.0,0
5.0,7.0,0.0,3.0,2.0,1.0,2.0,19.46,4.5,394.06,0.03,23.0,0.22,21.89,87.57,9.0,14.0,7.0,7.0,9.0,0
7.0,11.0,4.0,4.0,4.0,1.0,1.0,27.93,10.21,2914.07,0.1,60.0,0.1,161.89,285.29,22.0,38.0,14.0,13.0,12.0,0
7.0,17.0,8.0,4.0,4.0,1.0,2.0,51.96,5.57,1612.97,0.1,59.0,0.18,89.61,289.51,26.0,33.0,21.0,9.0,19.0,0
9.0,18.0,2.0,5.0,4.0,4.0,3.0,18.05,15.33,4242.98,0.09,63.0,0.07,235.72,276.72,23.0,40.0,9.0,12.0,21.0,0
7.0,1.0,0.0,4.0,1.0,3.0,1.0,7.14,10.67,811.81,0.03,22.0,0.09,45.1,76.11,8.0,14.0,3.0,8.0,2.0,0
9.0,12.0,0.0,5.0,2.0,1.0,1.0,18.67,9.63,1729.78,0.06,46.0,0.1,96.1,179.72,22.0,24.0,8.0,7.0,13.0,0
5.0,11.0,7.0,3.0,2.0,1.0,2.0,27.56,12.76,4489.96,0.12,71.0,0.08,249.44,351.75,31.0,40.0,17.0,14.0,13.0,1
53.0,67.0,0.0,27.0,16.0,18.0,12.0,27.43,62.5,107141.35,0.57,314.0,0.02,5952.3,1714.26,125.0,189.0,22.0,22.0,79.0,0
1.0,1.0,0.0,1.0,1.0,1.0,1.0,8.0,3.0,72.0,0.01,8.0,0.33,4.0,24.0,2.0,6.0,2.0,6.0,2.0,0
9.0,11.0,4.0,5.0,3.0,1.0,2.0,20.2,19.71,7845.36,0.13,88.0,0.05,435.85,398.07,43.0,45.0,12.0,11.0,13.0,0
19.0,13.0,0.0,10.0,4.0,10.0,3.0,10.04,27.08,7363.07,0.09,64.0,0.04,409.06,271.87,25.0,39.0,6.0,13.0,16.0,0
3.0,22.0,9.0,2.0,2.0,1.0,1.0,25.14,20.43,10490.64,0.17,108.0,0.05,582.81,513.53,44.0,64.0,14.0,13.0,23.0,0
3.0,1.0,0.0,2.0,1.0,1.0,1.0,7.92,4.0,126.8,0.01,10.0,0.25,7.04,31.7,4.0,6.0,3.0,6.0,2.0,0
9.0,12.0,4.0,5.0,5.0,5.0,4.0,18.2,14.0,3567.06,0.08,53.0,0.07,198.17,254.79,21.0,32.0,12.0,16.0,16.0,0
3.0,5.0,0.0,2.0,2.0,1.0,2.0,7.13,13.5,1298.85,0.03,26.0,0.07,72.16,96.21,12.0,14.0,4.0,9.0,7.0,0
3.0,2.0,4.0,2.0,2.0,1.0,1.0,8.0,3.0,72.0,0.01,8.0,0.33,4.0,24.0,2.0,6.0,2.0,6.0,3.0,0
3.0,7.0,2.0,2.0,2.0,1.0,2.0,27.05,6.92,1296.67,0.06,42.0,0.14,72.04,187.3,20.0,22.0,13.0,9.0,9.0,0
5.0,6.0,0.0,3.0,3.0,1.0,2.0,22.99,4.44,454.16,0.03,25.0,0.23,25.23,102.19,10.0,15.0,9.0,8.0,8.0,0
7.0,9.0,3.0,4.0,2.0,1.0,2.0,33.75,10.33,3604.18,0.12,68.0,0.1,200.23,348.79,31.0,37.0,21.0,14.0,11.0,0
19.0,45.0,21.0,10.0,6.0,6.0,8.0,100.62,8.75,7703.86,0.29,156.0,0.11,427.99,880.44,70.0,86.0,40.0,10.0,53.0,0
3.0,8.0,0.0,2.0,1.0,1.0,2.0,16.23,9.56,1485.28,0.05,38.0,0.1,82.52,155.32,17.0,21.0,8.0,9.0,10.0,0
5.0,14.0,1.0,3.0,2.0,1.0,3.0,15.13,14.95,3381.36,0.08,50.0,0.07,187.85,226.18,23.0,27.0,10.0,13.0,17.0,0
3.0,2.0,4.0,2.0,2.0,1.0,2.0,8.98,2.5,56.15,0.01,8.0,0.4,3.12,22.46,2.0,6.0,2.0,5.0,4.0,0
5.0,3.0,0.0,3.0,2.0,1.0,1.0,9.29,11.0,1124.05,0.03,25.0,0.09,62.45,102.19,12.0,13.0,6.0,11.0,4.0,0
9.0,23.0,0.0,5.0,5.0,1.0,6.0,21.63,24.5,12985.0,0.18,106.0,0.04,721.39,530.0,49.0,57.0,16.0,16.0,29.0,0
5.0,3.0,0.0,3.0,2.0,3.0,1.0,9.79,9.6,902.51,0.03,23.0,0.1,50.14,94.01,8.0,15.0,5.0,12.0,4.0,0
7.0,6.0,1.0,4.0,4.0,4.0,2.0,17.33,8.33,1203.58,0.05,34.0,0.12,66.87,144.43,15.0,19.0,9.0,10.0,8.0,0
9.0,14.0,2.0,5.0,2.0,1.0,3.0,9.4,27.43,7072.27,0.09,57.0,0.04,392.9,257.83,24.0,33.0,7.0,16.0,17.0,0
3.0,6.0,1.0,2.0,1.0,1.0,1.0,19.97,5.5,603.94,0.04,25.0,0.18,33.55,109.81,10.0,15.0,10.0,11.0,7.0,0
5.0,3.0,0.0,3.0,2.0,1.0,1.0,10.57,12.86,1747.72,0.05,32.0,0.08,97.1,135.93,15.0,17.0,7.0,12.0,4.0,0
3.0,5.0,0.0,2.0,2.0,1.0,2.0,13.02,7.5,732.54,0.03,25.0,0.13,40.7,97.67,10.0,15.0,6.0,9.0,7.0,0
3.0,4.0,0.0,2.0,2.0,1.0,2.0,11.31,7.2,586.15,0.03,22.0,0.14,32.56,81.41,9.0,13.0,5.0,8.0,6.0,0
3.0,6.0,0.0,2.0,2.0,1.0,2.0,10.29,11.67,1400.0,0.04,30.0,0.09,77.78,120.0,14.0,16.0,6.0,10.0,8.0,0
7.0,26.0,1.0,4.0,4.0,4.0,4.0,31.4,18.47,10714.74,0.19,116.0,0.05,595.26,580.0,54.0,62.0,19.0,13.0,30.0,0
11.0,21.0,1.0,6.0,3.0,5.0,4.0,13.94,25.0,8711.43,0.12,76.0,0.04,483.97,348.46,30.0,46.0,9.0,15.0,25.0,0
7.0,4.0,0.0,4.0,1.0,1.0,1.0,17.74,8.67,1332.34,0.05,35.0,0.12,74.02,153.73,13.0,22.0,9.0,12.0,5.0,0
7.0,4.0,2.0,4.0,4.0,3.0,1.0,24.49,10.68,2792.65,0.09,55.0,0.09,155.15,261.51,23.0,32.0,14.0,13.0,5.0,0
7.0,11.0,5.0,4.0,4.0,1.0,1.0,30.16,11.0,3648.78,0.11,69.0,0.09,202.71,331.71,22.0,47.0,14.0,14.0,12.0,0
3.0,7.0,3.0,2.0,1.0,1.0,2.0,19.63,10.05,1980.5,0.07,43.0,0.1,110.03,197.15,17.0,26.0,11.0,13.0,9.0,0
5.0,12.0,3.0,3.0,3.0,1.0,3.0,16.58,12.57,2621.1,0.07,50.0,0.08,145.62,208.5,16.0,34.0,7.0,11.0,15.0,0
5.0,4.0,0.0,3.0,1.0,1.0,2.0,8.93,7.88,553.68,0.02,19.0,0.13,30.76,70.31,7.0,12.0,4.0,9.0,6.0,0
15.0,49.0,15.0,8.0,1.0,1.0,6.0,49.75,43.0,91978.75,0.71,383.0,0.02,5109.93,2139.04,172.0,211.0,32.0,16.0,55.0,0
3.0,4.0,7.0,2.0,2.0,1.0,2.0,12.4,3.75,174.4,0.02,14.0,0.27,9.69,46.51,5.0,9.0,4.0,6.0,6.0,0
67.0,106.0,18.0,35.0,26.0,26.0,19.0,72.43,57.44,238951.09,1.39,610.0,0.02,13275.06,4160.31,256.0,354.0,78.0,35.0,125.0,0
5.0,7.0,26.0,3.0,1.0,3.0,3.0,20.04,7.33,1077.6,0.05,34.0,0.14,59.87,146.95,12.0,22.0,9.0,11.0,10.0,0
7.0,15.0,6.0,4.0,4.0,1.0,2.0,59.54,5.6,1867.06,0.11,65.0,0.18,103.73,333.4,28.0,37.0,25.0,10.0,17.0,0
5.0,3.0,0.0,3.0,3.0,1.0,1.0,24.0,5.83,816.67,0.05,35.0,0.17,45.37,140.0,15.0,20.0,9.0,7.0,4.0,0
5.0,9.0,1.0,3.0,3.0,1.0,3.0,13.36,17.94,4301.69,0.08,51.0,0.06,238.98,239.72,19.0,32.0,9.0,17.0,12.0,0
3.0,4.0,0.0,2.0,2.0,1.0,1.0,15.33,11.67,2086.15,0.06,39.0,0.09,115.9,178.81,14.0,25.0,9.0,15.0,5.0,0
13.0,18.0,7.0,7.0,6.0,5.0,4.0,32.27,18.21,10705.77,0.2,112.0,0.05,594.77,587.77,45.0,67.0,21.0,17.0,22.0,0
7.0,8.0,1.0,4.0,2.0,1.0,3.0,15.73,8.75,1204.07,0.05,33.0,0.11,66.89,137.61,14.0,19.0,8.0,10.0,11.0,0
3.0,4.0,12.0,2.0,1.0,1.0,2.0,14.3,6.29,564.82,0.03,23.0,0.16,31.38,89.86,11.0,12.0,7.0,8.0,6.0,0
3.0,5.0,4.0,2.0,1.0,1.0,2.0,8.52,12.0,1226.24,0.03,25.0,0.08,68.12,102.19,10.0,15.0,5.0,12.0,7.0,0
5.0,18.0,1.0,3.0,2.0,1.0,3.0,22.46,14.39,4653.68,0.11,68.0,0.07,258.54,323.33,31.0,37.0,14.0,13.0,21.0,0
15.0,23.0,10.0,8.0,6.0,6.0,1.0,36.9,17.19,10901.14,0.21,120.0,0.06,605.62,634.25,55.0,65.0,24.0,15.0,24.0,1
3.0,3.0,0.0,2.0,2.0,1.0,1.0,15.13,7.43,834.75,0.04,26.0,0.13,46.37,112.37,8.0,18.0,7.0,13.0,4.0,0
5.0,9.0,0.0,3.0,2.0,1.0,3.0,22.38,9.55,2039.08,0.07,46.0,0.1,113.28,213.62,15.0,31.0,11.0,14.0,12.0,0
3.0,3.0,1.0,2.0,1.0,1.0,1.0,10.81,4.8,249.08,0.02,15.0,0.21,13.84,51.89,8.0,7.0,5.0,6.0,4.0,0
3.0,2.0,0.0,2.0,2.0,1.0,1.0,9.51,3.0,85.59,0.01,9.0,0.33,4.75,28.53,3.0,6.0,3.0,6.0,3.0,0
5.0,8.0,1.0,3.0,3.0,1.0,3.0,13.21,17.1,3863.67,0.08,47.0,0.06,214.65,225.95,19.0,28.0,10.0,18.0,11.0,0
9.0,20.0,3.0,5.0,5.0,1.0,5.0,33.65,8.75,2576.12,0.1,60.0,0.11,143.12,294.41,20.0,40.0,16.0,14.0,25.0,0
3.0,3.0,1.0,2.0,2.0,1.0,1.0,7.33,4.5,148.5,0.01,11.0,0.22,8.25,33.0,3.0,8.0,2.0,6.0,4.0,0
11.0,20.0,5.0,6.0,5.0,1.0,4.0,20.14,22.1,9834.5,0.15,89.0,0.05,546.36,445.0,39.0,50.0,15.0,17.0,24.0,0
3.0,10.0,0.0,2.0,1.0,1.0,2.0,19.76,10.5,2178.25,0.07,48.0,0.1,121.01,207.45,21.0,27.0,10.0,10.0,12.0,0
3.0,9.0,4.0,2.0,2.0,1.0,3.0,33.8,9.0,2738.04,0.1,62.0,0.11,152.11,304.23,27.0,35.0,18.0,12.0,12.0,0
3.0,1.0,0.0,2.0,1.0,1.0,1.0,9.97,4.67,217.03,0.02,14.0,0.21,12.06,46.51,4.0,10.0,3.0,7.0,2.0,0
5.0,31.0,18.0,3.0,3.0,3.0,2.0,38.32,23.93,21937.95,0.31,166.0,0.04,1218.78,916.91,68.0,98.0,27.0,19.0,33.0,1
21.0,36.0,24.0,11.0,11.0,1.0,6.0,32.54,24.65,19784.27,0.27,147.0,0.04,1099.13,802.54,54.0,93.0,23.0,21.0,42.0,0
3.0,5.0,18.0,2.0,1.0,1.0,2.0,16.75,7.5,942.32,0.04,33.0,0.13,52.35,125.64,15.0,18.0,7.0,7.0,7.0,0
7.0,9.0,0.0,4.0,3.0,1.0,1.0,28.12,7.5,1581.81,0.07,46.0,0.13,87.88,210.91,21.0,25.0,14.0,10.0,10.0,0
3.0,3.0,0.0,2.0,2.0,1.0,1.0,11.98,7.5,673.94,0.03,23.0,0.13,37.44,89.86,10.0,13.0,6.0,9.0,4.0,0
11.0,6.0,0.0,6.0,1.0,1.0,1.0,22.33,7.0,1093.93,0.05,40.0,0.14,60.77,156.28,16.0,24.0,8.0,7.0,7.0,0
3.0,4.0,6.0,2.0,2.0,1.0,2.0,12.4,3.75,174.4,0.02,14.0,0.27,9.69,46.51,5.0,9.0,4.0,6.0,6.0,0
9.0,35.0,0.0,5.0,4.0,3.0,6.0,45.29,24.8,27844.43,0.37,211.0,0.04,1546.91,1122.93,103.0,108.0,27.0,13.0,41.0,0
3.0,9.0,0.0,2.0,2.0,1.0,2.0,15.84,15.56,3832.57,0.08,58.0,0.06,212.92,246.38,28.0,30.0,9.0,10.0,11.0,0
3.0,9.0,0.0,2.0,2.0,1.0,2.0,25.37,11.25,3210.79,0.1,64.0,0.09,178.38,285.4,27.0,37.0,12.0,10.0,11.0,0
9.0,11.0,0.0,5.0,4.0,4.0,4.0,17.47,10.39,1885.8,0.06,42.0,0.1,104.77,181.52,17.0,25.0,9.0,11.0,15.0,0
5.0,8.0,0.0,3.0,2.0,1.0,2.0,11.72,10.0,1172.07,0.04,30.0,0.1,65.11,117.21,10.0,20.0,5.0,10.0,10.0,0
7.0,17.0,1.0,4.0,2.0,4.0,2.0,40.2,18.67,14007.31,0.25,141.0,0.05,778.18,750.39,56.0,85.0,24.0,16.0,19.0,0
3.0,14.0,0.0,2.0,2.0,1.0,3.0,25.77,19.64,9942.83,0.17,109.0,0.05,552.38,506.18,50.0,59.0,14.0,11.0,17.0,0
9.0,12.0,1.0,5.0,5.0,5.0,4.0,20.76,10.29,2198.48,0.07,46.0,0.1,122.14,213.62,19.0,27.0,12.0,13.0,16.0,0
3.0,5.0,1.0,2.0,2.0,1.0,2.0,16.03,9.17,1347.0,0.05,34.0,0.11,74.83,146.95,15.0,19.0,9.0,11.0,7.0,0
9.0,12.0,0.0,5.0,5.0,5.0,3.0,17.23,16.36,4614.98,0.09,60.0,0.06,256.39,282.03,24.0,36.0,11.0,15.0,15.0,0
1.0,0.0,0.0,1.0,1.0,1.0,0.0,7.86,2.5,49.13,0.01,7.0,0.4,2.73,19.65,2.0,5.0,2.0,5.0,0.0,0
5.0,15.0,8.0,3.0,2.0,1.0,2.0,14.33,25.0,8955.08,0.12,73.0,0.04,497.5,358.2,25.0,48.0,10.0,20.0,17.0,0
9.0,40.0,8.0,5.0,1.0,1.0,4.0,21.96,95.0,198185.0,0.7,455.0,0.01,11010.28,2086.15,190.0,265.0,12.0,12.0,44.0,0
3.0,2.0,0.0,2.0,2.0,1.0,1.0,12.28,7.0,601.66,0.03,22.0,0.14,33.43,85.95,7.0,15.0,5.0,10.0,3.0,0
5.0,4.0,4.0,3.0,2.0,1.0,2.0,12.15,9.0,984.54,0.04,28.0,0.11,54.7,109.39,12.0,16.0,6.0,9.0,6.0,0
3.0,23.0,15.0,2.0,1.0,1.0,1.0,81.51,15.32,19133.0,0.42,216.0,0.07,1062.94,1248.77,99.0,117.0,42.0,13.0,24.0,1
3.0,2.0,0.0,2.0,1.0,1.0,1.0,3.48,4.0,55.73,0.0,6.0,0.25,3.1,13.93,2.0,4.0,1.0,4.0,3.0,0
3.0,5.0,4.0,2.0,2.0,1.0,2.0,14.76,4.5,298.97,0.02,20.0,0.22,16.61,66.44,6.0,14.0,4.0,6.0,7.0,0
3.0,3.0,2.0,2.0,1.0,1.0,1.0,26.21,5.41,766.89,0.05,34.0,0.18,42.6,141.78,17.0,17.0,11.0,7.0,4.0,0
13.0,13.0,19.0,7.0,2.0,1.0,2.0,14.84,22.22,7326.97,0.11,71.0,0.05,407.05,329.71,25.0,46.0,9.0,16.0,15.0,0
11.0,5.0,0.0,6.0,1.0,5.0,2.0,12.42,12.83,2045.78,0.05,39.0,0.08,113.65,159.41,14.0,25.0,6.0,11.0,7.0,0
3.0,3.0,0.0,2.0,1.0,1.0,2.0,20.31,3.38,231.3,0.02,18.0,0.3,12.85,68.53,9.0,9.0,8.0,6.0,5.0,0
7.0,9.0,43.0,4.0,2.0,1.0,3.0,16.8,8.33,1166.67,0.05,35.0,0.12,64.81,140.0,10.0,25.0,6.0,10.0,12.0,0
3.0,1.0,4.0,2.0,1.0,1.0,1.0,6.97,5.0,174.35,0.01,11.0,0.2,9.69,34.87,5.0,6.0,3.0,6.0,2.0,0
9.0,16.0,0.0,5.0,5.0,5.0,5.0,19.63,19.38,7370.08,0.13,80.0,0.05,409.45,380.39,31.0,49.0,12.0,15.0,21.0,0
3.0,1.0,14.0,2.0,1.0,1.0,1.0,7.86,2.5,49.13,0.01,7.0,0.4,2.73,19.65,2.0,5.0,2.0,5.0,2.0,0
17.0,34.0,0.0,9.0,3.0,3.0,6.0,24.75,23.0,13091.58,0.19,116.0,0.04,727.31,569.2,46.0,70.0,15.0,15.0,40.0,0
5.0,6.0,0.0,3.0,2.0,3.0,2.0,10.16,10.0,1015.79,0.03,26.0,0.1,56.43,101.58,10.0,16.0,5.0,10.0,8.0,0
3.0,1.0,0.0,2.0,1.0,1.0,1.0,12.29,3.5,150.57,0.01,12.0,0.29,8.36,43.02,5.0,7.0,5.0,7.0,2.0,0
13.0,35.0,10.0,7.0,6.0,5.0,7.0,14.61,40.91,24444.48,0.2,123.0,0.02,1358.03,597.53,50.0,73.0,11.0,18.0,42.0,0
3.0,11.0,0.0,2.0,1.0,1.0,2.0,24.99,9.23,2129.55,0.08,51.0,0.11,118.31,230.7,24.0,27.0,13.0,10.0,13.0,0
5.0,17.0,1.0,3.0,2.0,3.0,2.0,40.35,18.33,13562.05,0.25,139.0,0.05,753.45,739.75,55.0,84.0,24.0,16.0,19.0,0
7.0,17.0,0.0,4.0,2.0,1.0,3.0,24.02,14.31,4916.77,0.11,74.0,0.07,273.15,343.65,31.0,43.0,13.0,12.0,20.0,0
3.0,2.0,0.0,2.0,1.0,1.0,1.0,21.78,6.05,797.21,0.04,30.0,0.17,44.29,131.77,11.0,19.0,10.0,11.0,3.0,0
5.0,5.0,0.0,3.0,3.0,1.0,1.0,21.72,9.6,2001.56,0.07,50.0,0.1,111.2,208.5,24.0,26.0,10.0,8.0,6.0,0
5.0,7.0,6.0,3.0,2.0,1.0,1.0,13.79,12.95,2313.9,0.06,38.0,0.08,128.55,178.62,19.0,19.0,11.0,15.0,8.0,0
17.0,36.0,16.0,11.0,10.0,1.0,6.0,28.41,29.76,25170.95,0.28,160.0,0.03,1398.39,845.66,46.0,114.0,17.0,22.0,42.0,0
35.0,57.0,10.0,19.0,8.0,8.0,5.0,31.63,42.73,57745.67,0.45,222.0,0.02,3208.09,1351.42,102.0,120.0,37.0,31.0,62.0,0
7.0,5.0,12.0,4.0,1.0,1.0,1.0,10.68,15.0,2402.74,0.05,41.0,0.07,133.49,160.18,15.0,26.0,5.0,10.0,6.0,0
3.0,2.0,0.0,2.0,2.0,1.0,1.0,4.71,12.0,677.67,0.02,17.0,0.08,37.65,56.47,6.0,11.0,2.0,8.0,3.0,0
7.0,9.0,0.0,4.0,3.0,1.0,2.0,9.5,22.29,4719.55,0.07,49.0,0.04,262.2,211.77,24.0,25.0,7.0,13.0,11.0,0
7.0,9.0,0.0,4.0,4.0,4.0,2.0,12.52,18.4,4237.92,0.08,49.0,0.05,235.44,230.32,23.0,26.0,10.0,16.0,11.0,0
3.0,3.0,0.0,2.0,2.0,1.0,1.0,18.43,7.15,942.15,0.04,30.0,0.14,52.34,131.77,13.0,17.0,10.0,11.0,4.0,0
9.0,17.0,3.0,5.0,3.0,1.0,3.0,35.31,17.78,11158.55,0.21,113.0,0.06,619.92,627.67,48.0,65.0,27.0,20.0,20.0,0
3.0,4.0,0.0,2.0,2.0,1.0,1.0,13.66,4.2,240.91,0.02,16.0,0.24,13.38,57.36,6.0,10.0,5.0,7.0,5.0,0
7.0,10.0,12.0,4.0,4.0,1.0,3.0,16.71,15.75,4143.93,0.09,59.0,0.06,230.22,263.11,18.0,41.0,8.0,14.0,13.0,0
3.0,2.0,0.0,2.0,2.0,1.0,1.0,10.38,4.0,166.05,0.01,12.0,0.25,9.23,41.51,3.0,9.0,3.0,8.0,3.0,0
3.0,2.0,0.0,2.0,2.0,1.0,1.0,16.89,4.5,342.0,0.03,19.0,0.22,19.0,76.0,7.0,12.0,7.0,9.0,3.0,0
13.0,35.0,9.0,7.0,3.0,4.0,5.0,45.27,24.03,26152.92,0.36,197.0,0.04,1452.94,1088.14,82.0,115.0,29.0,17.0,40.0,0
3.0,3.0,8.0,2.0,2.0,1.0,2.0,9.73,9.0,788.12,0.03,23.0,0.11,43.78,87.57,10.0,13.0,5.0,9.0,5.0,0
27.0,43.0,19.0,14.0,10.0,9.0,8.0,40.25,24.95,25050.3,0.33,168.0,0.04,1391.68,1004.18,71.0,97.0,37.0,26.0,51.0,0
5.0,3.0,0.0,3.0,2.0,1.0,1.0,13.88,8.36,969.43,0.04,29.0,0.12,53.86,116.0,13.0,16.0,7.0,9.0,4.0,0
5.0,9.0,0.0,3.0,3.0,1.0,2.0,15.51,9.75,1474.86,0.05,35.0,0.1,81.94,151.27,13.0,22.0,8.0,12.0,11.0,0
3.0,3.0,1.0,2.0,2.0,1.0,1.0,7.92,4.17,137.5,0.01,11.0,0.24,7.64,33.0,5.0,6.0,3.0,5.0,4.0,0
3.0,1.0,0.0,2.0,2.0,1.0,1.0,6.97,5.0,174.35,0.01,11.0,0.2,9.69,34.87,5.0,6.0,3.0,6.0,2.0,0
3.0,7.0,0.0,2.0,1.0,1.0,2.0,15.95,5.14,421.94,0.03,21.0,0.19,23.44,82.04,9.0,12.0,7.0,8.0,9.0,0
3.0,32.0,7.0,2.0,2.0,1.0,3.0,121.99,6.1,4539.25,0.25,138.0,0.16,252.18,744.14,61.0,77.0,35.0,7.0,35.0,0
5.0,11.0,23.0,3.0,2.0,1.0,3.0,16.64,8.94,1328.8,0.05,35.0,0.11,73.82,148.68,13.0,22.0,8.0,11.0,14.0,0
9.0,11.0,0.0,5.0,3.0,3.0,3.0,14.25,20.57,6029.63,0.1,69.0,0.05,334.98,293.11,24.0,45.0,7.0,12.0,14.0,0
3.0,2.0,4.0,2.0,2.0,1.0,1.0,10.81,6.3,429.12,0.02,19.0,0.16,23.84,68.11,9.0,10.0,5.0,7.0,3.0,0
3.0,6.0,0.0,2.0,2.0,1.0,3.0,14.94,10.13,1531.27,0.05,37.0,0.1,85.07,151.24,18.0,19.0,8.0,9.0,9.0,0
3.0,12.0,35.0,2.0,2.0,1.0,2.0,15.99,30.55,14925.04,0.16,108.0,0.03,829.17,488.54,47.0,61.0,10.0,13.0,14.0,0
21.0,28.0,16.0,11.0,5.0,11.0,3.0,18.41,86.77,138606.57,0.53,314.0,0.01,7700.36,1597.46,137.0,177.0,15.0,19.0,31.0,0
7.0,16.0,0.0,4.0,3.0,3.0,4.0,23.28,16.67,6466.18,0.13,87.0,0.06,359.23,387.97,40.0,47.0,12.0,10.0,20.0,0
3.0,4.0,1.0,2.0,2.0,1.0,1.0,19.53,4.0,312.55,0.03,20.0,0.25,17.36,78.14,7.0,13.0,7.0,8.0,5.0,0
3.0,4.0,0.0,2.0,2.0,1.0,2.0,8.24,5.0,206.05,0.01,13.0,0.2,11.45,41.21,5.0,8.0,3.0,6.0,6.0,0
3.0,4.0,2.0,2.0,1.0,1.0,1.0,10.8,13.33,1920.0,0.05,36.0,0.08,106.67,144.0,16.0,20.0,6.0,10.0,5.0,0
13.0,22.0,0.0,7.0,2.0,1.0,4.0,21.29,26.07,14467.0,0.19,111.0,0.04,803.72,555.0,46.0,65.0,15.0,17.0,26.0,0
18.0,57.0,13.0,11.0,5.0,3.0,7.0,39.35,56.37,125041.65,0.74,367.0,0.02,6946.76,2218.29,153.0,214.0,38.0,28.0,64.0,0
3.0,3.0,1.0,2.0,2.0,1.0,1.0,14.52,5.79,486.0,0.03,21.0,0.17,27.0,84.0,9.0,12.0,7.0,9.0,4.0,0
3.0,3.0,1.0,2.0,1.0,1.0,1.0,12.05,5.83,410.13,0.02,19.0,0.17,22.79,70.31,10.0,9.0,6.0,7.0,4.0,0
5.0,5.0,0.0,3.0,1.0,1.0,1.0,13.12,11.56,1752.06,0.05,34.0,0.09,97.34,151.62,16.0,18.0,9.0,13.0,6.0,0
3.0,5.0,1.0,2.0,2.0,1.0,1.0,16.46,8.4,1161.24,0.05,31.0,0.12,64.51,138.24,14.0,17.0,10.0,12.0,6.0,0
13.0,35.0,17.0,7.0,2.0,3.0,2.0,28.27,30.31,25970.12,0.29,161.0,0.03,1442.78,856.83,67.0,94.0,21.0,19.0,37.0,1
3.0,5.0,2.0,2.0,1.0,1.0,1.0,14.88,8.13,982.54,0.04,29.0,0.12,54.59,120.93,13.0,16.0,8.0,10.0,6.0,0
3.0,1.0,0.0,2.0,1.0,1.0,1.0,7.83,4.67,170.53,0.01,11.0,0.21,9.47,36.54,4.0,7.0,3.0,7.0,2.0,0
3.0,5.0,0.0,2.0,1.0,1.0,2.0,9.6,6.13,360.21,0.02,17.0,0.16,20.01,58.81,7.0,10.0,4.0,7.0,7.0,0
13.0,15.0,1.0,7.0,7.0,1.0,2.0,20.11,31.88,20434.13,0.21,124.0,0.03,1135.23,641.07,51.0,73.0,16.0,20.0,17.0,0
3.0,8.0,4.0,2.0,2.0,1.0,2.0,18.51,5.83,630.0,0.04,27.0,0.17,35.0,108.0,15.0,12.0,9.0,7.0,10.0,0
5.0,2.0,0.0,3.0,2.0,1.0,1.0,10.04,5.0,250.95,0.02,14.0,0.2,13.94,50.19,5.0,9.0,4.0,8.0,3.0,0
7.0,4.0,0.0,4.0,2.0,1.0,1.0,17.95,7.94,1133.07,0.05,33.0,0.13,62.95,142.62,13.0,20.0,9.0,11.0,5.0,0
3.0,9.0,0.0,2.0,2.0,1.0,2.0,27.58,11.15,3430.95,0.1,68.0,0.09,190.61,307.6,29.0,39.0,13.0,10.0,11.0,0
23.0,42.0,17.0,12.0,3.0,1.0,5.0,77.13,21.16,34532.43,0.54,272.0,0.05,1918.47,1632.0,117.0,155.0,47.0,17.0,47.0,0
7.0,15.0,0.0,4.0,4.0,4.0,4.0,17.92,22.0,8672.47,0.13,82.0,0.05,481.8,394.2,33.0,49.0,12.0,16.0,19.0,0
11.0,26.0,44.0,7.0,6.0,1.0,6.0,25.22,17.4,7636.2,0.15,87.0,0.06,424.23,438.86,29.0,58.0,15.0,18.0,32.0,0
3.0,4.0,0.0,2.0,1.0,1.0,1.0,6.18,5.0,154.4,0.01,11.0,0.2,8.58,30.88,4.0,7.0,2.0,5.0,5.0,0
21.0,31.0,13.0,11.0,9.0,3.0,5.0,26.64,25.97,17969.91,0.23,130.0,0.04,998.33,691.85,47.0,83.0,19.0,21.0,36.0,0
11.0,10.0,0.0,6.0,6.0,1.0,1.0,11.99,30.94,11475.71,0.12,82.0,0.03,637.54,370.93,33.0,49.0,8.0,15.0,11.0,0
5.0,13.0,0.0,3.0,3.0,1.0,4.0,16.59,21.0,7314.07,0.12,75.0,0.05,406.34,348.29,33.0,42.0,11.0,14.0,17.0,0
3.0,4.0,0.0,2.0,2.0,1.0,1.0,19.35,6.25,755.8,0.04,29.0,0.16,41.99,120.93,10.0,19.0,8.0,10.0,5.0,0
13.0,67.0,34.0,7.0,6.0,1.0,4.0,52.27,34.27,61372.9,0.6,319.0,0.03,3409.61,1791.09,129.0,190.0,32.0,17.0,71.0,1
3.0,4.0,0.0,2.0,1.0,1.0,1.0,11.76,10.83,1380.58,0.04,30.0,0.09,76.7,127.44,10.0,20.0,6.0,13.0,5.0,0
5.0,3.0,0.0,3.0,2.0,1.0,2.0,18.2,5.5,550.43,0.03,24.0,0.18,30.58,100.08,11.0,13.0,9.0,9.0,5.0,0
15.0,31.0,5.0,8.0,1.0,8.0,3.0,23.08,58.59,79247.79,0.45,273.0,0.02,4402.65,1352.5,125.0,148.0,16.0,15.0,34.0,0
9.0,11.0,0.0,5.0,3.0,3.0,3.0,12.25,16.0,3135.78,0.07,47.0,0.06,174.21,195.99,16.0,31.0,6.0,12.0,14.0,0
15.0,21.0,0.0,8.0,8.0,8.0,4.0,27.6,25.11,17394.36,0.23,133.0,0.04,966.35,692.86,53.0,80.0,19.0,18.0,25.0,0
24.0,61.0,6.0,14.0,3.0,3.0,9.0,43.29,63.72,175762.32,0.92,467.0,0.02,9764.57,2758.52,205.0,262.0,37.0,23.0,70.0,0
3.0,1.0,0.0,2.0,1.0,1.0,1.0,11.42,6.67,507.65,0.03,20.0,0.15,28.2,76.15,10.0,10.0,6.0,8.0,2.0,0
9.0,27.0,1.0,5.0,3.0,1.0,5.0,16.21,36.0,21021.12,0.19,119.0,0.03,1167.84,583.92,48.0,71.0,12.0,18.0,32.0,0
7.0,11.0,5.0,4.0,4.0,1.0,1.0,27.93,10.21,2914.07,0.1,60.0,0.1,161.89,285.29,22.0,38.0,14.0,13.0,12.0,0
5.0,8.0,0.0,3.0,3.0,1.0,3.0,29.93,9.54,2723.24,0.1,65.0,0.1,151.29,285.5,31.0,34.0,13.0,8.0,11.0,0
3.0,4.0,0.0,2.0,2.0,1.0,2.0,12.65,5.25,348.69,0.02,17.0,0.19,19.37,66.42,7.0,10.0,6.0,9.0,6.0,0
17.0,18.0,0.0,9.0,8.0,1.0,2.0,27.87,16.97,8030.83,0.16,93.0,0.06,446.16,473.13,43.0,50.0,19.0,15.0,20.0,0
7.0,13.0,55.0,4.0,4.0,1.0,4.0,42.0,5.6,1317.26,0.08,52.0,0.18,73.18,235.23,21.0,31.0,15.0,8.0,17.0,0
5.0,1.0,0.0,3.0,3.0,1.0,1.0,11.83,3.75,166.42,0.01,14.0,0.27,9.25,44.38,6.0,8.0,4.0,5.0,2.0,0
7.0,17.0,0.0,4.0,2.0,1.0,3.0,21.14,17.77,6674.76,0.13,79.0,0.06,370.82,375.64,33.0,46.0,13.0,14.0,20.0,0
3.0,3.0,1.0,2.0,1.0,1.0,1.0,12.11,6.42,498.63,0.03,21.0,0.16,27.7,77.71,11.0,10.0,6.0,7.0,4.0,0
3.0,2.0,0.0,2.0,1.0,1.0,1.0,8.3,6.67,369.01,0.02,16.0,0.15,20.5,55.35,5.0,11.0,3.0,8.0,3.0,0
78.0,155.0,65.0,51.0,48.0,1.0,5.0,56.51,82.88,388174.15,1.56,699.0,0.01,21565.23,4683.61,209.0,490.0,58.0,46.0,160.0,0
3.0,3.0,0.0,2.0,1.0,1.0,1.0,8.6,10.0,859.52,0.03,22.0,0.1,47.75,85.95,10.0,12.0,5.0,10.0,4.0,0
9.0,7.0,2.0,5.0,5.0,4.0,2.0,17.27,12.25,2591.12,0.07,45.0,0.08,143.95,211.52,21.0,24.0,12.0,14.0,9.0,0
3.0,3.0,1.0,2.0,2.0,1.0,1.0,13.83,8.57,1016.03,0.04,29.0,0.12,56.45,118.54,12.0,17.0,7.0,10.0,4.0,0
3.0,5.0,0.0,2.0,2.0,1.0,1.0,10.04,17.5,3074.62,0.06,40.0,0.06,170.81,175.69,14.0,26.0,6.0,15.0,6.0,0
9.0,20.0,3.0,5.0,4.0,5.0,4.0,36.51,18.02,11854.69,0.22,122.0,0.06,658.59,657.86,53.0,69.0,25.0,17.0,24.0,0
3.0,1.0,0.0,2.0,1.0,1.0,1.0,11.07,4.38,211.89,0.02,14.0,0.23,11.77,48.43,5.0,9.0,4.0,7.0,2.0,0
9.0,6.0,17.0,5.0,1.0,1.0,3.0,10.89,19.5,4141.72,0.07,50.0,0.05,230.1,212.4,18.0,32.0,6.0,13.0,9.0,0
7.0,5.0,1.0,4.0,4.0,1.0,1.0,14.41,10.83,1690.87,0.05,35.0,0.09,93.94,156.08,15.0,20.0,9.0,13.0,6.0,0
3.0,2.0,0.0,2.0,2.0,1.0,1.0,7.26,6.67,322.88,0.02,14.0,0.15,17.94,48.43,5.0,9.0,3.0,8.0,3.0,0
5.0,8.0,25.0,3.0,1.0,1.0,4.0,18.17,9.0,1471.49,0.05,40.0,0.11,81.75,163.5,16.0,24.0,8.0,9.0,12.0,0
5.0,18.0,2.0,3.0,2.0,1.0,4.0,35.62,10.67,4053.11,0.13,84.0,0.09,225.17,379.98,40.0,44.0,15.0,8.0,22.0,0
3.0,1.0,0.0,2.0,2.0,1.0,1.0,9.0,3.33,100.0,0.01,10.0,0.3,5.56,30.0,4.0,6.0,3.0,5.0,2.0,0
5.0,14.0,3.0,3.0,3.0,1.0,2.0,27.34,12.0,3937.05,0.11,69.0,0.08,218.72,328.09,30.0,39.0,15.0,12.0,16.0,0
11.0,21.0,1.0,6.0,5.0,5.0,4.0,17.18,20.8,7433.12,0.12,79.0,0.05,412.95,357.36,32.0,47.0,10.0,13.0,25.0,0
7.0,14.0,3.0,4.0,2.0,1.0,3.0,15.1,18.6,5225.56,0.09,63.0,0.05,290.31,280.94,31.0,32.0,10.0,12.0,17.0,0
12.0,48.0,20.0,8.0,5.0,1.0,5.0,18.01,123.13,273078.67,0.74,429.0,0.01,15171.04,2217.9,197.0,232.0,16.0,20.0,53.0,0
3.0,2.0,0.0,2.0,1.0,1.0,1.0,9.09,8.8,704.0,0.03,20.0,0.11,39.11,80.0,8.0,12.0,5.0,11.0,3.0,0
3.0,7.0,0.0,2.0,2.0,1.0,2.0,15.5,8.57,1138.58,0.04,34.0,0.12,63.25,132.83,15.0,19.0,7.0,8.0,9.0,0
3.0,6.0,1.0,2.0,2.0,1.0,1.0,22.04,5.44,653.33,0.04,30.0,0.18,36.3,120.0,14.0,16.0,9.0,7.0,7.0,0
3.0,1.0,0.0,2.0,1.0,1.0,1.0,5.0,6.0,180.0,0.01,10.0,0.17,10.0,30.0,4.0,6.0,2.0,6.0,2.0,0
9.0,16.0,0.0,5.0,5.0,5.0,5.0,20.23,19.69,7844.52,0.13,82.0,0.05,435.81,398.35,32.0,50.0,13.0,16.0,21.0,0
51.0,99.0,36.0,33.0,5.0,4.0,5.0,51.88,52.93,145316.78,0.92,445.0,0.02,8073.15,2745.62,140.0,305.0,41.0,31.0,104.0,0
29.0,66.0,26.0,15.0,1.0,1.0,2.0,156.97,25.68,103547.47,1.34,618.0,0.04,5752.64,4031.56,244.0,374.0,76.0,16.0,68.0,1
3.0,2.0,0.0,2.0,2.0,1.0,1.0,13.4,5.25,369.2,0.02,18.0,0.19,20.51,70.32,7.0,11.0,6.0,9.0,3.0,0
7.0,7.0,0.0,4.0,2.0,3.0,2.0,13.49,15.43,3211.43,0.07,49.0,0.06,178.41,208.15,18.0,31.0,7.0,12.0,9.0,0
9.0,5.0,0.0,5.0,3.0,3.0,1.0,13.16,14.78,2874.47,0.06,43.0,0.07,159.69,194.51,19.0,24.0,9.0,14.0,6.0,0
3.0,4.0,0.0,2.0,1.0,1.0,1.0,10.79,7.2,559.51,0.03,21.0,0.14,31.08,77.71,9.0,12.0,5.0,8.0,5.0,0
5.0,2.0,0.0,3.0,1.0,1.0,1.0,10.04,5.0,250.95,0.02,14.0,0.2,13.94,50.19,5.0,9.0,4.0,8.0,3.0,0
25.0,36.0,0.0,13.0,11.0,12.0,5.0,33.96,29.93,30428.36,0.34,191.0,0.03,1690.46,1016.49,81.0,110.0,23.0,17.0,41.0,0
7.0,7.0,2.0,4.0,1.0,1.0,1.0,13.02,12.0,1875.31,0.05,40.0,0.08,104.18,156.28,21.0,19.0,7.0,8.0,8.0,1
3.0,4.0,0.0,2.0,2.0,1.0,2.0,13.71,6.67,609.18,0.03,24.0,0.15,33.84,91.38,10.0,14.0,6.0,8.0,6.0,0
5.0,6.0,4.0,3.0,2.0,3.0,1.0,13.22,5.6,414.45,0.02,20.0,0.18,23.02,74.01,7.0,13.0,5.0,8.0,7.0,0
3.0,3.0,0.0,2.0,2.0,1.0,1.0,15.0,2.0,60.0,0.01,10.0,0.5,3.33,30.0,4.0,6.0,4.0,4.0,4.0,0
3.0,6.0,0.0,2.0,2.0,1.0,2.0,16.65,4.67,362.64,0.03,21.0,0.21,20.15,77.71,8.0,13.0,6.0,7.0,8.0,0
3.0,4.0,2.0,2.0,2.0,1.0,1.0,15.19,5.14,401.85,0.03,20.0,0.19,22.33,78.14,9.0,11.0,7.0,8.0,5.0,0
5.0,12.0,0.0,3.0,2.0,1.0,4.0,17.43,11.45,2287.31,0.07,43.0,0.09,127.07,199.69,18.0,25.0,11.0,14.0,16.0,0
3.0,4.0,1.0,2.0,2.0,1.0,2.0,13.02,7.5,732.54,0.03,25.0,0.13,40.7,97.67,10.0,15.0,6.0,9.0,6.0,0
3.0,1.0,0.0,2.0,2.0,1.0,1.0,8.36,6.0,301.14,0.02,14.0,0.17,16.73,50.19,6.0,8.0,4.0,8.0,2.0,0
13.0,20.0,4.0,7.0,2.0,7.0,3.0,15.78,26.43,11025.26,0.14,82.0,0.04,612.51,417.17,37.0,45.0,14.0,20.0,23.0,0
26.0,55.0,8.0,15.0,14.0,5.0,9.0,36.64,36.91,49908.77,0.45,228.0,0.03,2772.71,1352.21,87.0,141.0,33.0,28.0,64.0,0
20.0,44.0,91.0,12.0,9.0,1.0,6.0,35.3,23.76,19928.53,0.28,151.0,0.04,1107.14,838.74,54.0,97.0,25.0,22.0,50.0,0
3.0,5.0,2.0,2.0,1.0,1.0,1.0,20.37,9.0,1649.85,0.06,39.0,0.11,91.66,183.32,18.0,21.0,13.0,13.0,6.0,0
7.0,12.0,1.0,4.0,1.0,1.0,1.0,19.87,20.53,8379.04,0.14,84.0,0.05,465.5,408.07,44.0,40.0,15.0,14.0,13.0,0
9.0,11.0,2.0,5.0,5.0,3.0,3.0,17.75,15.27,4139.35,0.09,57.0,0.07,229.96,271.03,21.0,36.0,11.0,16.0,14.0,0
3.0,5.0,1.0,2.0,2.0,1.0,3.0,14.88,8.13,982.54,0.04,29.0,0.12,54.59,120.93,13.0,16.0,8.0,10.0,8.0,0
1.0,1.0,0.0,1.0,1.0,1.0,1.0,11.24,4.0,179.89,0.01,13.0,0.25,9.99,44.97,3.0,10.0,3.0,8.0,2.0,0
5.0,8.0,4.0,3.0,2.0,3.0,1.0,27.51,13.75,5202.03,0.13,75.0,0.07,289.0,378.33,33.0,42.0,18.0,15.0,9.0,1
3.0,4.0,0.0,2.0,2.0,1.0,1.0,12.33,4.8,284.19,0.02,16.0,0.21,15.79,59.21,6.0,10.0,5.0,8.0,5.0,0
3.0,7.0,0.0,2.0,2.0,1.0,2.0,14.99,5.33,426.42,0.03,21.0,0.19,23.69,79.95,8.0,13.0,6.0,8.0,9.0,0
34.0,41.0,17.0,18.0,18.0,1.0,6.0,25.36,43.56,48124.47,0.37,219.0,0.02,2673.58,1104.72,82.0,137.0,16.0,17.0,47.0,0
9.0,10.0,3.0,5.0,5.0,4.0,2.0,24.97,11.05,3049.11,0.09,61.0,0.09,169.39,275.94,17.0,44.0,10.0,13.0,12.0,0
5.0,12.0,3.0,3.0,3.0,1.0,3.0,45.04,7.15,2302.46,0.11,65.0,0.14,127.91,322.02,26.0,39.0,20.0,11.0,15.0,0
3.0,1.0,0.0,2.0,1.0,1.0,1.0,7.92,4.0,126.8,0.01,10.0,0.25,7.04,31.7,4.0,6.0,3.0,6.0,2.0,0
11.0,13.0,0.0,6.0,1.0,1.0,1.0,8.78,13.33,1560.0,0.04,39.0,0.08,86.67,117.0,16.0,23.0,3.0,5.0,14.0,0
15.0,17.0,2.0,8.0,8.0,1.0,1.0,12.26,65.83,53124.43,0.27,176.0,0.02,2951.36,806.95,79.0,97.0,9.0,15.0,18.0,0
9.0,11.0,14.0,5.0,1.0,1.0,1.0,12.69,14.4,2631.64,0.06,48.0,0.07,146.2,182.75,16.0,32.0,5.0,9.0,12.0,0
287.0,558.0,111.0,144.0,115.0,124.0,105.0,310.31,53.33,882628.66,5.52,2041.0,0.02,49034.93,16549.5,843.0,1198.0,245.0,31.0,663.0,0
7.0,9.0,17.0,4.0,1.0,1.0,2.0,15.85,10.0,1584.57,0.05,38.0,0.1,88.03,158.46,16.0,22.0,8.0,10.0,11.0,0
3.0,3.0,0.0,2.0,1.0,1.0,1.0,12.14,5.33,345.2,0.02,17.0,0.19,19.18,64.73,8.0,9.0,6.0,8.0,4.0,0
35.0,68.0,32.0,18.0,12.0,1.0,9.0,107.72,20.13,43626.97,0.72,327.0,0.05,2423.72,2167.8,133.0,194.0,76.0,23.0,77.0,0
9.0,35.0,0.0,5.0,4.0,3.0,6.0,43.37,24.25,25506.03,0.35,199.0,0.04,1417.0,1051.8,97.0,102.0,26.0,13.0,41.0,0
3.0,1.0,0.0,2.0,2.0,1.0,1.0,6.75,6.67,299.82,0.01,13.0,0.15,16.66,44.97,5.0,8.0,3.0,8.0,2.0,0
7.0,41.0,5.0,4.0,1.0,1.0,3.0,26.9,120.08,387847.94,1.08,714.0,0.01,21547.11,3229.82,262.0,452.0,12.0,11.0,44.0,0
3.0,7.0,0.0,2.0,2.0,1.0,2.0,13.18,10.93,1573.71,0.05,36.0,0.09,87.43,144.0,17.0,19.0,7.0,9.0,9.0,0
11.0,12.0,3.0,6.0,5.0,6.0,2.0,15.45,16.5,4205.45,0.08,60.0,0.06,233.64,254.88,24.0,36.0,8.0,11.0,14.0,0
7.0,13.0,1.0,4.0,4.0,1.0,3.0,20.03,8.57,1471.49,0.06,42.0,0.12,81.75,171.67,12.0,30.0,7.0,10.0,16.0,0
5.0,7.0,0.0,3.0,3.0,1.0,1.0,25.4,8.36,1776.41,0.07,50.0,0.12,98.69,212.4,23.0,27.0,11.0,8.0,8.0,0
5.0,4.0,0.0,3.0,2.0,1.0,2.0,8.54,5.83,290.67,0.02,15.0,0.17,16.14,49.83,5.0,10.0,3.0,7.0,6.0,0
3.0,10.0,0.0,2.0,2.0,1.0,1.0,29.37,8.65,2199.7,0.08,57.0,0.12,122.21,254.19,25.0,32.0,13.0,9.0,11.0,0
5.0,5.0,0.0,3.0,3.0,3.0,2.0,16.59,5.79,555.43,0.03,24.0,0.17,30.86,96.0,9.0,15.0,7.0,9.0,7.0,0
3.0,2.0,0.0,2.0,2.0,1.0,1.0,18.49,3.5,226.54,0.02,17.0,0.29,12.59,64.73,7.0,10.0,7.0,7.0,3.0,0
3.0,4.0,0.0,2.0,2.0,1.0,1.0,18.55,5.69,599.95,0.04,27.0,0.18,33.33,105.49,13.0,14.0,8.0,7.0,5.0,0
5.0,5.0,0.0,3.0,2.0,1.0,2.0,8.88,11.0,1074.39,0.03,25.0,0.09,59.69,97.67,8.0,17.0,4.0,11.0,7.0,0
3.0,2.0,0.0,2.0,2.0,1.0,1.0,10.99,6.4,449.97,0.02,19.0,0.16,25.0,70.31,8.0,11.0,5.0,8.0,3.0,0
9.0,10.0,0.0,5.0,3.0,5.0,2.0,17.53,13.85,3361.23,0.08,49.0,0.07,186.74,242.76,20.0,29.0,13.0,18.0,12.0,0
13.0,24.0,0.0,7.0,5.0,1.0,5.0,24.63,19.13,9016.09,0.16,97.0,0.05,500.89,471.22,41.0,56.0,15.0,14.0,29.0,0
1.0,1.0,0.0,1.0,1.0,1.0,1.0,9.51,3.0,85.59,0.01,9.0,0.33,4.75,28.53,3.0,6.0,3.0,6.0,2.0,0
3.0,4.0,1.0,2.0,2.0,1.0,1.0,17.64,3.33,196.03,0.02,17.0,0.3,10.89,58.81,8.0,9.0,6.0,5.0,5.0,0
3.0,4.0,2.0,2.0,2.0,1.0,1.0,19.45,8.0,1244.72,0.05,36.0,0.13,69.15,155.59,16.0,20.0,10.0,10.0,5.0,0
7.0,8.0,0.0,4.0,2.0,1.0,2.0,14.14,10.39,1526.6,0.05,34.0,0.1,84.81,146.95,17.0,17.0,9.0,11.0,10.0,0
3.0,7.0,0.0,2.0,1.0,1.0,2.0,7.69,11.67,1046.41,0.03,27.0,0.09,58.13,89.69,10.0,17.0,3.0,7.0,9.0,0
9.0,17.0,21.0,5.0,2.0,1.0,4.0,16.75,20.67,7153.34,0.12,72.0,0.05,397.41,346.13,31.0,41.0,12.0,16.0,21.0,0
5.0,7.0,0.0,3.0,3.0,1.0,3.0,23.36,5.25,643.78,0.04,30.0,0.19,35.77,122.62,15.0,15.0,10.0,7.0,10.0,0
3.0,4.0,2.0,2.0,1.0,1.0,1.0,12.68,11.25,1604.52,0.05,33.0,0.09,89.14,142.62,15.0,18.0,8.0,12.0,5.0,0
7.0,61.0,67.0,4.0,2.0,1.0,4.0,95.01,22.3,47232.5,0.71,348.0,0.04,2624.03,2118.44,115.0,233.0,49.0,19.0,65.0,0
3.0,3.0,0.0,2.0,1.0,1.0,1.0,7.19,9.0,582.53,0.02,17.0,0.11,32.36,64.73,3.0,14.0,2.0,12.0,4.0,0
7.0,8.0,4.0,4.0,2.0,1.0,1.0,19.61,15.3,4590.0,0.1,60.0,0.07,255.0,300.0,27.0,33.0,15.0,17.0,9.0,0
9.0,14.0,3.0,5.0,4.0,1.0,3.0,24.08,8.33,1672.29,0.07,45.0,0.12,92.9,200.67,20.0,25.0,12.0,10.0,17.0,1
5.0,3.0,0.0,3.0,3.0,1.0,1.0,13.46,9.33,1172.67,0.04,33.0,0.11,65.15,125.64,14.0,19.0,6.0,8.0,4.0,0
3.0,6.0,0.0,2.0,1.0,1.0,1.0,25.76,6.8,1190.93,0.06,42.0,0.15,66.16,175.14,17.0,25.0,10.0,8.0,7.0,0
5.0,5.0,0.0,3.0,3.0,1.0,2.0,7.83,14.3,1601.6,0.04,28.0,0.07,88.98,112.0,13.0,15.0,5.0,11.0,7.0,0
5.0,11.0,4.0,3.0,3.0,1.0,2.0,20.91,14.06,4130.8,0.1,68.0,0.07,229.49,293.89,23.0,45.0,9.0,11.0,13.0,0
9.0,9.0,0.0,5.0,4.0,5.0,1.0,20.69,12.57,3269.39,0.09,53.0,0.08,181.63,260.07,22.0,31.0,14.0,16.0,10.0,0
3.0,2.0,0.0,2.0,2.0,1.0,1.0,9.56,6.0,344.16,0.02,16.0,0.17,19.12,57.36,6.0,10.0,4.0,8.0,3.0,0
13.0,32.0,16.0,7.0,5.0,1.0,7.0,27.11,34.89,33013.78,0.32,183.0,0.03,1834.1,946.1,78.0,105.0,19.0,17.0,39.0,0
5.0,8.0,3.0,3.0,3.0,1.0,1.0,21.55,10.64,2438.37,0.08,50.0,0.09,135.46,229.25,18.0,32.0,11.0,13.0,9.0,0
5.0,4.0,0.0,3.0,1.0,1.0,1.0,10.78,11.0,1303.9,0.04,29.0,0.09,72.44,118.54,12.0,17.0,6.0,11.0,5.0,0
7.0,8.0,0.0,4.0,4.0,1.0,2.0,14.11,15.17,3246.47,0.07,48.0,0.07,180.36,214.05,21.0,27.0,9.0,13.0,10.0,0
3.0,1.0,0.0,2.0,1.0,1.0,1.0,8.54,4.67,186.03,0.01,12.0,0.21,10.33,39.86,4.0,8.0,3.0,7.0,2.0,0
13.0,28.0,7.0,8.0,6.0,6.0,5.0,27.59,20.91,12064.08,0.19,107.0,0.05,670.23,576.98,46.0,61.0,22.0,20.0,33.0,0
3.0,2.0,0.0,2.0,2.0,1.0,1.0,11.98,7.5,673.94,0.03,23.0,0.13,37.44,89.86,10.0,13.0,6.0,9.0,3.0,0
7.0,10.0,4.0,4.0,1.0,1.0,2.0,14.89,15.4,3530.42,0.08,50.0,0.06,196.13,229.25,22.0,28.0,10.0,14.0,12.0,0
5.0,13.0,0.0,3.0,3.0,1.0,4.0,15.13,20.3,6236.01,0.1,67.0,0.05,346.44,307.19,29.0,38.0,10.0,14.0,17.0,0
3.0,6.0,1.0,2.0,2.0,1.0,2.0,6.15,13.5,1120.86,0.03,24.0,0.07,62.27,83.03,6.0,18.0,2.0,9.0,8.0,0
11.0,14.0,0.0,6.0,4.0,4.0,2.0,18.65,20.42,7773.35,0.13,81.0,0.05,431.85,380.74,35.0,46.0,12.0,14.0,16.0,0
5.0,23.0,56.0,3.0,3.0,1.0,5.0,29.77,19.12,10881.75,0.19,116.0,0.05,604.54,569.2,50.0,66.0,17.0,13.0,28.0,0
7.0,13.0,26.0,4.0,3.0,1.0,4.0,19.64,16.14,5125.38,0.11,66.0,0.06,284.74,317.29,28.0,38.0,13.0,15.0,17.0,0
5.0,7.0,0.0,3.0,2.0,3.0,2.0,13.81,12.44,2139.14,0.06,38.0,0.08,118.84,171.9,16.0,22.0,9.0,14.0,9.0,0
5.0,6.0,2.0,3.0,2.0,1.0,1.0,23.88,12.66,3824.79,0.1,61.0,0.08,212.49,302.21,27.0,34.0,16.0,15.0,7.0,0
29.0,34.0,1.0,15.0,11.0,14.0,6.0,33.28,26.56,23481.15,0.29,165.0,0.04,1304.51,884.0,75.0,90.0,24.0,17.0,40.0,0
3.0,0.0,0.0,2.0,2.0,1.0,0.0,7.78,5.33,221.4,0.01,12.0,0.19,12.3,41.51,4.0,8.0,3.0,8.0,0.0,0
3.0,5.0,19.0,2.0,2.0,1.0,2.0,19.64,5.5,594.0,0.04,27.0,0.18,33.0,108.0,11.0,16.0,8.0,8.0,7.0,0
5.0,4.0,0.0,3.0,1.0,1.0,1.0,7.7,13.5,1403.51,0.03,29.0,0.07,77.97,103.96,9.0,20.0,3.0,9.0,5.0,0
3.0,10.0,2.0,2.0,2.0,1.0,2.0,20.75,11.45,2722.81,0.08,55.0,0.09,151.27,237.71,28.0,27.0,11.0,9.0,12.0,0
5.0,10.0,0.0,3.0,2.0,1.0,2.0,18.2,15.75,4515.95,0.1,61.0,0.06,250.89,286.73,27.0,34.0,12.0,14.0,12.0,0
5.0,8.0,1.0,3.0,3.0,1.0,3.0,8.83,23.14,4728.77,0.07,44.0,0.04,262.71,204.33,18.0,26.0,7.0,18.0,11.0,0
3.0,3.0,0.0,2.0,1.0,1.0,1.0,13.88,4.8,319.72,0.02,18.0,0.21,17.76,66.61,6.0,12.0,5.0,8.0,4.0,0
3.0,4.0,5.0,2.0,1.0,1.0,1.0,11.86,4.38,227.03,0.02,15.0,0.23,12.61,51.89,5.0,10.0,4.0,7.0,5.0,0
7.0,9.0,0.0,4.0,2.0,3.0,3.0,9.49,14.0,1859.68,0.04,34.0,0.07,103.32,132.83,14.0,20.0,5.0,10.0,12.0,0
3.0,7.0,0.0,2.0,2.0,1.0,2.0,9.45,11.0,1143.6,0.03,29.0,0.09,63.53,103.96,11.0,18.0,4.0,8.0,9.0,0
5.0,5.0,0.0,3.0,1.0,1.0,1.0,15.08,11.7,2064.1,0.06,39.0,0.09,114.67,176.42,18.0,21.0,10.0,13.0,6.0,0
3.0,2.0,0.0,2.0,2.0,1.0,1.0,16.73,4.5,338.78,0.03,21.0,0.22,18.82,75.28,9.0,12.0,6.0,6.0,3.0,0
3.0,3.0,0.0,2.0,2.0,1.0,1.0,9.77,7.2,506.22,0.02,19.0,0.14,28.12,70.31,9.0,10.0,5.0,8.0,4.0,0
3.0,10.0,40.0,2.0,2.0,1.0,2.0,33.1,7.86,2043.3,0.09,56.0,0.13,113.52,260.06,20.0,36.0,14.0,11.0,12.0,0
9.0,13.0,3.0,5.0,1.0,3.0,2.0,18.91,16.35,5053.15,0.1,63.0,0.06,280.73,309.13,25.0,38.0,13.0,17.0,15.0,0
9.0,11.0,0.0,5.0,3.0,3.0,3.0,13.79,19.71,5359.67,0.09,64.0,0.05,297.76,271.87,23.0,41.0,7.0,12.0,14.0,0
10.0,26.0,45.0,7.0,7.0,3.0,4.0,31.56,14.5,6636.44,0.15,86.0,0.07,368.69,457.69,29.0,57.0,20.0,20.0,30.0,0
3.0,5.0,0.0,2.0,1.0,1.0,2.0,14.8,5.25,407.97,0.03,21.0,0.19,22.67,77.71,9.0,12.0,6.0,7.0,7.0,0
6.0,134.0,26.0,4.0,4.0,1.0,4.0,515.37,19.45,194889.1,3.34,1298.0,0.05,10827.17,10021.99,474.0,824.0,195.0,16.0,138.0,0
7.0,9.0,2.0,4.0,4.0,1.0,2.0,15.86,16.0,4061.18,0.08,54.0,0.06,225.62,253.82,20.0,34.0,10.0,16.0,11.0,0
7.0,15.0,1.0,4.0,1.0,1.0,5.0,16.45,10.69,1878.44,0.06,43.0,0.09,104.36,175.76,19.0,24.0,8.0,9.0,20.0,0
7.0,1.0,0.0,4.0,1.0,1.0,1.0,6.66,10.0,665.68,0.02,21.0,0.1,36.98,66.57,10.0,11.0,3.0,6.0,2.0,0
5.0,3.0,0.0,3.0,3.0,1.0,1.0,7.03,16.5,1914.0,0.04,29.0,0.06,106.33,116.0,11.0,18.0,4.0,12.0,4.0,0
7.0,21.0,1.0,4.0,4.0,4.0,4.0,22.24,20.53,9376.55,0.15,94.0,0.05,520.91,456.65,44.0,50.0,15.0,14.0,25.0,0
9.0,16.0,1.0,5.0,4.0,1.0,2.0,13.97,34.36,16494.55,0.16,96.0,0.03,916.36,480.0,36.0,60.0,11.0,21.0,18.0,0
3.0,2.0,0.0,2.0,2.0,1.0,1.0,10.24,5.6,321.21,0.02,16.0,0.18,17.85,57.36,8.0,8.0,5.0,7.0,3.0,0
3.0,5.0,2.0,2.0,1.0,1.0,1.0,15.74,5.71,513.85,0.03,22.0,0.18,28.55,89.92,8.0,14.0,7.0,10.0,6.0,0
11.0,29.0,0.0,6.0,4.0,3.0,4.0,28.97,28.95,24283.0,0.28,161.0,0.03,1349.06,838.72,76.0,85.0,21.0,16.0,33.0,0
7.0,12.0,0.0,4.0,3.0,1.0,3.0,10.48,27.19,7748.01,0.09,63.0,0.04,430.45,284.98,29.0,34.0,8.0,15.0,15.0,0
3.0,3.0,7.0,2.0,2.0,1.0,1.0,13.11,4.8,301.96,0.02,17.0,0.21,16.78,62.91,6.0,11.0,5.0,8.0,4.0,0
19.0,33.0,17.0,10.0,6.0,8.0,6.0,21.41,44.0,41453.41,0.31,192.0,0.02,2302.97,942.12,77.0,115.0,14.0,16.0,39.0,1
23.0,39.0,2.0,12.0,1.0,6.0,6.0,31.07,35.11,38303.42,0.36,205.0,0.03,2127.97,1091.0,95.0,110.0,23.0,17.0,45.0,0
9.0,24.0,5.0,5.0,5.0,1.0,5.0,36.74,12.66,5885.92,0.16,93.0,0.08,327.0,465.0,37.0,56.0,19.0,13.0,29.0,0
3.0,1.0,0.0,2.0,2.0,1.0,1.0,10.57,5.6,331.56,0.02,16.0,0.18,18.42,59.21,7.0,9.0,5.0,8.0,2.0,0
5.0,7.0,0.0,3.0,3.0,3.0,2.0,12.84,12.5,2005.92,0.05,35.0,0.08,111.44,160.47,15.0,20.0,9.0,15.0,9.0,0
5.0,47.0,73.0,3.0,2.0,1.0,3.0,75.17,22.63,38501.99,0.57,297.0,0.04,2139.0,1701.19,81.0,216.0,34.0,19.0,50.0,0
7.0,10.0,0.0,4.0,4.0,4.0,2.0,17.63,12.0,2538.28,0.07,44.0,0.08,141.02,211.52,18.0,26.0,12.0,16.0,12.0,0
27.0,93.0,26.0,14.0,8.0,1.0,11.0,149.83,25.83,99941.02,1.29,589.0,0.04,5552.28,3869.64,237.0,352.0,78.0,17.0,104.0,0
11.0,16.0,0.0,6.0,6.0,4.0,3.0,18.13,23.33,9871.1,0.14,88.0,0.04,548.39,423.05,35.0,53.0,12.0,16.0,19.0,0
5.0,2.0,0.0,3.0,2.0,3.0,1.0,6.29,10.0,629.07,0.02,17.0,0.1,34.95,62.91,6.0,11.0,3.0,10.0,3.0,0
11.0,49.0,12.0,6.0,6.0,6.0,7.0,82.49,15.76,20495.0,0.43,227.0,0.06,1138.61,1300.24,97.0,130.0,40.0,13.0,56.0,0
7.0,13.0,0.0,4.0,3.0,1.0,4.0,19.75,11.45,2590.77,0.08,50.0,0.09,143.93,226.18,21.0,29.0,11.0,12.0,17.0,0
1.0,0.0,0.0,1.0,1.0,1.0,0.0,5.8,2.0,23.22,0.0,5.0,0.5,1.29,11.61,1.0,4.0,1.0,4.0,0.0,0
3.0,4.0,2.0,2.0,1.0,1.0,1.0,13.44,4.0,215.1,0.02,15.0,0.25,11.95,53.77,4.0,11.0,4.0,8.0,5.0,0
5.0,7.0,6.0,3.0,1.0,3.0,3.0,12.38,9.43,1100.86,0.04,28.0,0.11,61.16,116.76,12.0,16.0,7.0,11.0,10.0,0
3.0,5.0,0.0,2.0,2.0,1.0,2.0,16.37,5.25,451.25,0.03,22.0,0.19,25.07,85.95,7.0,15.0,6.0,9.0,7.0,0
3.0,9.0,16.0,2.0,1.0,1.0,2.0,24.04,10.4,2599.82,0.08,52.0,0.1,144.43,249.98,24.0,28.0,15.0,13.0,11.0,0
5.0,17.0,1.0,3.0,2.0,1.0,3.0,22.46,14.39,4653.68,0.11,68.0,0.07,258.54,323.33,31.0,37.0,14.0,13.0,20.0,0
5.0,54.0,100.0,3.0,2.0,1.0,3.0,85.35,18.7,29847.5,0.53,280.0,0.05,1658.19,1596.12,77.0,203.0,35.0,17.0,57.0,0
3.0,4.0,0.0,2.0,1.0,1.0,1.0,10.24,9.1,848.2,0.03,26.0,0.11,47.12,93.21,13.0,13.0,5.0,7.0,5.0,0
5.0,7.0,25.0,3.0,1.0,1.0,4.0,16.0,9.0,1296.0,0.05,36.0,0.11,72.0,144.0,14.0,22.0,7.0,9.0,11.0,0
3.0,6.0,3.0,2.0,1.0,1.0,1.0,14.27,4.67,310.84,0.02,18.0,0.21,17.27,66.61,8.0,10.0,6.0,7.0,7.0,0
15.0,38.0,0.0,8.0,4.0,4.0,7.0,28.74,34.11,33446.1,0.33,183.0,0.03,1858.12,980.43,79.0,104.0,22.0,19.0,45.0,0
3.0,10.0,3.0,2.0,2.0,1.0,2.0,27.32,5.46,815.7,0.05,33.0,0.18,45.32,149.28,17.0,16.0,14.0,9.0,12.0,0
5.0,3.0,0.0,3.0,1.0,1.0,1.0,17.86,5.25,492.27,0.03,24.0,0.19,27.35,93.77,12.0,12.0,8.0,7.0,4.0,0
17.0,18.0,0.0,9.0,8.0,1.0,2.0,29.48,16.88,8396.0,0.17,97.0,0.06,466.44,497.54,45.0,52.0,20.0,15.0,20.0,0
13.0,16.0,0.0,7.0,7.0,7.0,4.0,14.12,29.25,12076.68,0.14,94.0,0.03,670.93,412.88,36.0,58.0,8.0,13.0,20.0,0
3.0,4.0,0.0,2.0,2.0,1.0,1.0,13.87,4.67,302.05,0.02,17.0,0.21,16.78,64.73,7.0,10.0,6.0,8.0,5.0,0
7.0,7.0,7.0,4.0,1.0,1.0,4.0,14.31,13.81,2730.1,0.07,45.0,0.07,151.67,197.65,17.0,28.0,8.0,13.0,11.0,0
3.0,4.0,9.0,2.0,2.0,1.0,2.0,14.24,6.86,669.75,0.03,25.0,0.15,37.21,97.67,12.0,13.0,7.0,8.0,6.0,0
11.0,10.0,0.0,6.0,6.0,1.0,1.0,11.99,30.94,11475.71,0.12,82.0,0.03,637.54,370.93,33.0,49.0,8.0,15.0,11.0,0
3.0,3.0,0.0,2.0,1.0,1.0,2.0,12.14,5.33,345.2,0.02,17.0,0.19,19.18,64.73,8.0,9.0,6.0,8.0,5.0,0
7.0,32.0,16.0,4.0,3.0,1.0,2.0,68.15,17.14,20027.63,0.39,207.0,0.06,1112.65,1168.28,80.0,127.0,35.0,15.0,34.0,0
7.0,9.0,0.0,4.0,4.0,4.0,2.0,14.35,14.7,3100.35,0.07,46.0,0.07,172.24,210.91,21.0,25.0,10.0,14.0,11.0,0
5.0,9.0,2.0,3.0,3.0,1.0,4.0,12.06,6.75,549.52,0.03,22.0,0.15,30.53,81.41,6.0,16.0,4.0,9.0,13.0,0
5.0,3.0,0.0,3.0,1.0,3.0,1.0,6.92,8.0,442.81,0.02,16.0,0.13,24.6,55.35,6.0,10.0,3.0,8.0,4.0,0
8.0,17.0,0.0,6.0,2.0,1.0,2.0,24.17,10.23,2529.6,0.08,52.0,0.1,140.53,247.25,19.0,33.0,13.0,14.0,19.0,0
3.0,2.0,0.0,2.0,2.0,1.0,1.0,12.69,5.25,349.69,0.02,18.0,0.19,19.43,66.61,9.0,9.0,6.0,7.0,3.0,0
5.0,11.0,4.0,3.0,1.0,1.0,1.0,25.96,8.17,1731.33,0.07,53.0,0.12,96.19,212.0,21.0,32.0,9.0,7.0,12.0,0
3.0,0.0,0.0,2.0,1.0,1.0,0.0,8.18,7.0,401.52,0.02,16.0,0.14,22.31,57.36,7.0,9.0,4.0,8.0,0.0,0
7.0,6.0,0.0,4.0,3.0,1.0,2.0,21.69,6.13,813.61,0.04,34.0,0.16,45.2,132.83,14.0,20.0,8.0,7.0,8.0,0
7.0,14.0,2.0,4.0,4.0,1.0,4.0,25.76,15.43,6132.21,0.13,81.0,0.06,340.68,397.46,27.0,54.0,14.0,16.0,18.0,0
3.0,1.0,0.0,2.0,2.0,1.0,1.0,9.25,4.67,201.53,0.01,13.0,0.21,11.2,43.19,4.0,9.0,3.0,7.0,2.0,0
3.0,2.0,0.0,2.0,2.0,1.0,1.0,12.18,3.0,109.62,0.01,11.0,0.33,6.09,36.54,4.0,7.0,4.0,6.0,3.0,0
5.0,13.0,1.0,3.0,2.0,1.0,3.0,15.13,14.95,3381.36,0.08,50.0,0.07,187.85,226.18,23.0,27.0,10.0,13.0,16.0,0
5.0,8.0,0.0,3.0,2.0,3.0,2.0,15.41,11.9,2182.44,0.06,40.0,0.08,121.25,183.4,17.0,23.0,10.0,14.0,10.0,0
5.0,3.0,2.0,3.0,3.0,3.0,1.0,13.22,5.6,414.45,0.02,20.0,0.18,23.02,74.01,7.0,13.0,5.0,8.0,4.0,0
3.0,6.0,0.0,2.0,2.0,1.0,2.0,9.91,11.2,1243.35,0.04,30.0,0.09,69.07,111.01,14.0,16.0,5.0,8.0,8.0,0
7.0,5.0,0.0,4.0,2.0,1.0,1.0,6.44,18.0,2088.0,0.04,29.0,0.06,116.0,116.0,12.0,17.0,4.0,12.0,6.0,0
15.0,52.0,9.0,8.0,3.0,1.0,3.0,115.8,20.46,48481.62,0.79,392.0,0.05,2693.42,2369.4,152.0,240.0,52.0,14.0,55.0,0
5.0,9.0,10.0,3.0,2.0,3.0,3.0,15.53,18.9,5545.97,0.1,64.0,0.05,308.11,293.44,27.0,37.0,10.0,14.0,12.0,0
3.0,3.0,0.0,2.0,2.0,1.0,1.0,10.79,7.2,559.51,0.03,21.0,0.14,31.08,77.71,9.0,12.0,5.0,8.0,4.0,0
3.0,3.0,8.0,2.0,1.0,1.0,2.0,10.98,11.92,1558.69,0.04,32.0,0.08,86.59,130.8,13.0,19.0,6.0,11.0,5.0,0
11.0,18.0,19.0,6.0,4.0,6.0,3.0,19.55,75.6,111737.37,0.49,293.0,0.01,6207.63,1478.01,126.0,167.0,15.0,18.0,21.0,0
3.0,7.0,9.0,2.0,2.0,1.0,1.0,26.49,7.54,1505.47,0.07,42.0,0.13,83.64,199.71,14.0,28.0,13.0,14.0,8.0,0
7.0,14.0,0.0,4.0,1.0,1.0,3.0,14.3,28.78,11846.2,0.14,91.0,0.03,658.12,411.64,37.0,54.0,9.0,14.0,17.0,0
13.0,19.0,36.0,7.0,2.0,7.0,5.0,22.47,19.15,8239.54,0.14,82.0,0.05,457.75,430.33,31.0,51.0,17.0,21.0,24.0,0
7.0,13.0,5.0,4.0,3.0,4.0,1.0,23.56,17.73,7408.74,0.14,86.0,0.06,411.6,417.79,38.0,48.0,15.0,14.0,14.0,0
3.0,3.0,0.0,2.0,2.0,1.0,1.0,15.95,5.14,421.94,0.03,21.0,0.19,23.44,82.04,9.0,12.0,7.0,8.0,4.0,0
11.0,13.0,0.0,6.0,4.0,1.0,1.0,10.33,15.75,2563.7,0.05,49.0,0.06,142.43,162.77,21.0,28.0,4.0,6.0,14.0,0
11.0,14.0,32.0,6.0,4.0,4.0,5.0,23.81,12.12,3494.58,0.1,60.0,0.08,194.14,288.44,21.0,39.0,13.0,15.0,19.0,0
5.0,18.0,0.0,3.0,2.0,1.0,4.0,25.33,13.75,4788.98,0.12,75.0,0.07,266.05,348.29,35.0,40.0,14.0,11.0,22.0,0
5.0,10.0,0.0,3.0,2.0,1.0,2.0,16.72,15.27,3900.84,0.09,55.0,0.07,216.71,255.41,24.0,31.0,11.0,14.0,12.0,0
5.0,14.0,20.0,3.0,3.0,1.0,4.0,23.56,9.73,2230.76,0.08,50.0,0.1,123.93,229.25,23.0,27.0,13.0,11.0,18.0,0
21.0,21.0,0.0,11.0,7.0,7.0,4.0,26.35,22.37,13183.31,0.2,114.0,0.04,732.41,589.37,50.0,64.0,19.0,17.0,25.0,0
3.0,6.0,1.0,2.0,1.0,1.0,3.0,11.06,11.14,1372.69,0.04,29.0,0.09,76.26,123.19,13.0,16.0,7.0,12.0,9.0,0
11.0,14.0,0.0,6.0,3.0,4.0,2.0,16.23,21.14,7252.56,0.11,73.0,0.05,402.92,343.13,31.0,42.0,11.0,15.0,16.0,0
5.0,11.0,5.0,3.0,2.0,1.0,2.0,31.06,13.76,5884.44,0.14,88.0,0.07,326.91,427.5,39.0,49.0,17.0,12.0,13.0,0
3.0,2.0,0.0,2.0,1.0,1.0,1.0,9.87,5.63,312.22,0.02,15.0,0.18,17.35,55.51,5.0,10.0,4.0,9.0,3.0,0
3.0,4.0,0.0,2.0,2.0,1.0,1.0,13.87,4.67,302.05,0.02,17.0,0.21,16.78,64.73,7.0,10.0,6.0,8.0,5.0,0
11.0,16.0,2.0,6.0,6.0,4.0,1.0,27.77,17.65,8647.06,0.16,98.0,0.06,480.39,490.0,40.0,58.0,17.0,15.0,17.0,0
3.0,10.0,0.0,2.0,2.0,1.0,2.0,32.65,10.67,3715.08,0.12,75.0,0.09,206.39,348.29,32.0,43.0,15.0,10.0,12.0,0
3.0,2.0,0.0,2.0,2.0,1.0,1.0,13.14,6.67,583.79,0.03,23.0,0.15,32.43,87.57,10.0,13.0,6.0,8.0,3.0,0
3.0,3.0,0.0,2.0,2.0,1.0,1.0,13.14,6.67,583.79,0.03,23.0,0.15,32.43,87.57,10.0,13.0,6.0,8.0,4.0,0
5.0,6.0,0.0,3.0,3.0,1.0,1.0,13.75,16.0,3521.25,0.07,48.0,0.06,195.63,220.08,16.0,32.0,8.0,16.0,7.0,0
5.0,5.0,0.0,3.0,2.0,3.0,1.0,8.75,14.3,1788.9,0.04,30.0,0.07,99.38,125.1,11.0,19.0,5.0,13.0,6.0,0
3.0,2.0,0.0,2.0,2.0,1.0,1.0,15.13,7.43,834.75,0.04,26.0,0.13,46.37,112.37,8.0,18.0,7.0,13.0,3.0,0
9.0,27.0,13.0,5.0,2.0,1.0,3.0,24.24,41.79,42320.2,0.34,213.0,0.02,2351.12,1012.79,90.0,123.0,14.0,13.0,30.0,1
11.0,20.0,5.0,6.0,5.0,1.0,4.0,17.24,24.19,10090.27,0.14,85.0,0.04,560.57,417.09,37.0,48.0,13.0,17.0,24.0,0
3.0,7.0,0.0,2.0,2.0,1.0,2.0,18.52,7.94,1169.11,0.05,33.0,0.13,64.95,147.16,11.0,22.0,9.0,13.0,9.0,0
11.0,16.0,26.0,6.0,2.0,6.0,5.0,20.52,18.0,6647.55,0.12,72.0,0.06,369.31,369.31,27.0,45.0,15.0,20.0,21.0,0
11.0,13.0,2.0,6.0,4.0,5.0,4.0,20.12,14.17,4037.5,0.1,57.0,0.07,224.31,285.0,25.0,32.0,15.0,17.0,17.0,0
3.0,14.0,0.0,2.0,1.0,1.0,2.0,20.4,20.68,8723.93,0.14,92.0,0.05,484.66,421.82,35.0,57.0,11.0,13.0,16.0,0
5.0,1.0,0.0,3.0,1.0,3.0,1.0,7.52,7.88,466.26,0.02,16.0,0.13,25.9,59.21,7.0,9.0,4.0,9.0,2.0,0
5.0,7.0,0.0,3.0,3.0,3.0,1.0,16.4,9.1,1358.43,0.05,33.0,0.11,75.47,149.28,14.0,19.0,10.0,13.0,8.0,0
5.0,14.0,0.0,3.0,2.0,1.0,3.0,26.92,10.94,3220.15,0.1,60.0,0.09,178.9,294.41,25.0,35.0,16.0,14.0,17.0,0
7.0,6.0,0.0,4.0,4.0,1.0,1.0,12.38,20.0,4951.76,0.08,54.0,0.05,275.1,247.59,24.0,30.0,9.0,15.0,7.0,0
3.0,4.0,0.0,2.0,2.0,1.0,1.0,15.86,6.0,571.1,0.03,25.0,0.17,31.73,95.18,12.0,13.0,7.0,7.0,5.0,0
12.0,18.0,2.0,8.0,7.0,5.0,2.0,27.79,11.33,3570.0,0.11,63.0,0.09,198.33,315.0,20.0,43.0,15.0,17.0,20.0,0
3.0,3.0,1.0,2.0,1.0,1.0,1.0,12.11,6.42,498.63,0.03,21.0,0.16,27.7,77.71,11.0,10.0,6.0,7.0,4.0,0
3.0,2.0,0.0,2.0,2.0,1.0,1.0,13.33,6.0,479.73,0.03,21.0,0.17,26.65,79.95,9.0,12.0,6.0,8.0,3.0,0
1.0,1.0,4.0,1.0,1.0,1.0,1.0,11.24,4.0,179.89,0.01,13.0,0.25,9.99,44.97,3.0,10.0,3.0,8.0,2.0,0
16.0,32.0,7.0,9.0,9.0,7.0,4.0,19.35,41.25,32929.43,0.27,150.0,0.02,1829.41,798.29,55.0,95.0,16.0,24.0,36.0,0
5.0,3.0,4.0,3.0,2.0,3.0,1.0,10.66,9.0,863.17,0.03,23.0,0.11,47.95,95.91,9.0,14.0,6.0,12.0,4.0,0
3.0,6.0,1.0,2.0,2.0,1.0,2.0,27.88,10.38,3006.43,0.1,64.0,0.1,167.02,289.51,27.0,37.0,13.0,10.0,8.0,0
5.0,11.0,2.0,3.0,2.0,3.0,2.0,28.53,12.79,4669.85,0.12,73.0,0.08,259.44,365.0,29.0,44.0,17.0,15.0,13.0,0
5.0,4.0,0.0,3.0,2.0,1.0,1.0,11.97,7.86,738.66,0.03,23.0,0.13,41.04,94.01,11.0,12.0,7.0,10.0,5.0,0
3.0,1.0,0.0,2.0,1.0,1.0,1.0,7.0,6.0,252.0,0.01,14.0,0.17,14.0,42.0,4.0,10.0,2.0,6.0,2.0,0
3.0,12.0,8.0,2.0,1.0,1.0,1.0,24.76,15.0,5570.02,0.12,79.0,0.07,309.45,371.33,30.0,49.0,13.0,13.0,13.0,1
5.0,8.0,1.0,3.0,3.0,3.0,3.0,14.83,17.0,4286.94,0.08,55.0,0.06,238.16,252.17,17.0,38.0,8.0,16.0,11.0,0
3.0,8.0,0.0,2.0,2.0,1.0,2.0,16.87,3.94,261.51,0.02,17.0,0.25,14.53,66.42,9.0,8.0,8.0,7.0,10.0,0
5.0,10.0,1.0,3.0,1.0,1.0,2.0,23.11,17.08,6740.74,0.13,85.0,0.06,374.49,394.73,37.0,48.0,13.0,12.0,12.0,0
7.0,26.0,1.0,4.0,3.0,4.0,4.0,27.77,19.44,10500.0,0.18,108.0,0.05,583.33,540.0,50.0,58.0,18.0,14.0,30.0,0
11.0,16.0,30.0,6.0,2.0,1.0,5.0,16.79,21.0,7403.19,0.12,75.0,0.05,411.29,352.53,36.0,39.0,12.0,14.0,21.0,0
3.0,5.0,0.0,2.0,2.0,1.0,2.0,13.4,7.0,656.36,0.03,24.0,0.14,36.46,93.77,7.0,17.0,5.0,10.0,7.0,0
7.0,13.0,29.0,4.0,1.0,1.0,4.0,15.61,26.0,10551.02,0.14,91.0,0.04,586.17,405.81,36.0,55.0,9.0,13.0,17.0,0
3.0,7.0,0.0,2.0,2.0,1.0,2.0,15.3,10.69,1747.39,0.05,40.0,0.09,97.08,163.5,19.0,21.0,8.0,9.0,9.0,0
7.0,7.0,0.0,4.0,1.0,3.0,2.0,10.84,18.42,3676.94,0.07,47.0,0.05,204.27,199.65,17.0,30.0,6.0,13.0,9.0,0
13.0,28.0,1.0,7.0,5.0,7.0,5.0,16.67,30.46,15468.34,0.17,99.0,0.03,859.35,507.8,36.0,63.0,13.0,22.0,33.0,0
7.0,36.0,13.0,4.0,3.0,3.0,3.0,64.11,29.8,56936.47,0.64,329.0,0.03,3163.14,1910.62,149.0,180.0,40.0,16.0,39.0,0
15.0,21.0,0.0,8.0,7.0,1.0,2.0,32.65,16.07,8441.45,0.18,105.0,0.06,468.97,525.0,47.0,58.0,19.0,13.0,23.0,0
5.0,1.0,0.0,3.0,1.0,1.0,1.0,5.89,13.5,1074.15,0.03,23.0,0.07,59.68,79.57,6.0,17.0,2.0,9.0,2.0,0
3.0,0.0,0.0,2.0,2.0,1.0,0.0,11.23,8.0,718.87,0.03,23.0,0.13,39.94,89.86,8.0,15.0,5.0,10.0,0.0,0
3.0,3.0,1.0,2.0,2.0,1.0,1.0,5.5,6.0,198.0,0.01,11.0,0.17,11.0,33.0,4.0,7.0,2.0,6.0,4.0,0
3.0,5.0,0.0,2.0,2.0,1.0,1.0,14.87,9.75,1413.23,0.05,33.0,0.1,78.51,144.95,12.0,21.0,8.0,13.0,6.0,0
3.0,6.0,4.0,2.0,2.0,1.0,2.0,19.8,6.11,739.53,0.04,28.0,0.16,41.08,121.01,10.0,18.0,9.0,11.0,8.0,0
3.0,3.0,0.0,2.0,2.0,1.0,1.0,16.32,5.14,432.0,0.03,21.0,0.19,24.0,84.0,8.0,13.0,7.0,9.0,4.0,0
11.0,16.0,57.0,6.0,5.0,1.0,8.0,36.62,7.08,1833.96,0.09,59.0,0.14,101.89,259.14,23.0,36.0,13.0,8.0,24.0,0
109.0,263.0,110.0,54.0,48.0,33.0,25.0,186.86,51.11,488050.43,3.18,1247.0,0.02,27113.91,9549.79,543.0,704.0,170.0,32.0,288.0,0
9.0,11.0,0.0,5.0,3.0,3.0,3.0,13.82,16.29,3666.57,0.08,53.0,0.06,203.7,225.14,19.0,34.0,7.0,12.0,14.0,0
3.0,2.0,0.0,2.0,2.0,1.0,1.0,9.49,3.5,116.27,0.01,10.0,0.29,6.46,33.22,3.0,7.0,3.0,7.0,3.0,0
7.0,9.0,0.0,4.0,4.0,3.0,2.0,19.24,10.2,2001.39,0.07,44.0,0.1,111.19,196.21,17.0,27.0,10.0,12.0,11.0,0
5.0,11.0,1.0,3.0,3.0,3.0,2.0,20.81,9.0,1685.67,0.06,42.0,0.11,93.65,187.3,18.0,24.0,11.0,11.0,13.0,0
3.0,6.0,0.0,2.0,1.0,1.0,1.0,12.44,9.0,1008.0,0.04,28.0,0.11,56.0,112.0,14.0,14.0,7.0,9.0,7.0,0
3.0,1.0,0.0,2.0,1.0,1.0,1.0,9.0,3.33,100.0,0.01,10.0,0.3,5.56,30.0,4.0,6.0,3.0,5.0,2.0,0
11.0,19.0,3.0,6.0,2.0,5.0,3.0,17.87,23.79,10108.93,0.14,85.0,0.04,561.61,425.0,37.0,48.0,14.0,18.0,22.0,0
18.0,40.0,12.0,10.0,9.0,1.0,6.0,36.22,21.25,16357.82,0.26,141.0,0.05,908.77,769.78,51.0,90.0,24.0,20.0,46.0,0
13.0,34.0,11.0,7.0,6.0,1.0,3.0,53.48,14.0,10482.64,0.25,132.0,0.07,582.37,748.76,56.0,76.0,34.0,17.0,37.0,0
3.0,2.0,0.0,2.0,1.0,1.0,1.0,12.63,2.0,50.53,0.01,9.0,0.5,2.81,25.27,3.0,6.0,3.0,4.0,3.0,0
3.0,12.0,0.0,2.0,2.0,1.0,3.0,23.84,19.04,8641.77,0.15,99.0,0.05,480.1,453.91,45.0,54.0,13.0,11.0,15.0,0
3.0,3.0,0.0,2.0,2.0,1.0,1.0,14.14,7.07,707.14,0.03,25.0,0.14,39.29,100.0,11.0,14.0,7.0,9.0,4.0,0
3.0,6.0,1.0,2.0,2.0,1.0,1.0,26.87,6.36,1087.97,0.06,41.0,0.16,60.44,170.97,20.0,21.0,11.0,7.0,7.0,0
3.0,4.0,0.0,2.0,2.0,1.0,2.0,11.1,8.0,710.48,0.03,24.0,0.13,39.47,88.81,10.0,14.0,5.0,8.0,6.0,0
5.0,9.0,0.0,3.0,2.0,1.0,3.0,9.96,15.6,2423.05,0.05,38.0,0.06,134.61,155.32,13.0,25.0,5.0,12.0,12.0,0
3.0,7.0,26.0,2.0,1.0,1.0,2.0,22.53,16.25,5949.55,0.12,77.0,0.06,330.53,366.13,35.0,42.0,14.0,13.0,9.0,0
9.0,11.0,0.0,5.0,1.0,3.0,3.0,11.3,18.42,3833.4,0.07,49.0,0.05,212.97,208.15,17.0,32.0,6.0,13.0,14.0,0
11.0,5.0,0.0,6.0,3.0,5.0,2.0,13.32,13.71,2505.06,0.06,43.0,0.07,139.17,182.66,16.0,27.0,7.0,12.0,7.0,0
5.0,14.0,0.0,3.0,1.0,1.0,3.0,17.05,11.25,2157.94,0.06,46.0,0.09,119.89,191.82,18.0,28.0,8.0,10.0,17.0,0
15.0,21.0,0.0,8.0,5.0,8.0,4.0,9.14,26.0,6179.83,0.08,57.0,0.04,343.32,237.69,20.0,37.0,5.0,13.0,25.0,0
3.0,0.0,0.0,2.0,1.0,1.0,0.0,5.99,3.75,84.22,0.01,8.0,0.27,4.68,22.46,3.0,5.0,2.0,5.0,0.0,0
5.0,9.0,1.0,3.0,3.0,1.0,3.0,10.22,20.64,4353.75,0.07,46.0,0.05,241.87,210.91,17.0,29.0,7.0,17.0,12.0,0
3.0,2.0,0.0,2.0,2.0,1.0,1.0,5.99,3.75,84.22,0.01,8.0,0.27,4.68,22.46,3.0,5.0,2.0,5.0,3.0,0
5.0,3.0,0.0,3.0,2.0,1.0,1.0,8.94,14.0,1751.37,0.04,30.0,0.07,97.3,125.1,14.0,16.0,6.0,12.0,4.0,0
5.0,5.0,6.0,3.0,3.0,1.0,1.0,24.08,11.85,3379.63,0.1,60.0,0.08,187.76,285.29,22.0,38.0,13.0,14.0,6.0,0
9.0,9.0,0.0,5.0,3.0,4.0,2.0,11.21,16.0,2868.91,0.06,43.0,0.06,159.38,179.31,16.0,27.0,6.0,12.0,11.0,0
3.0,5.0,0.0,2.0,2.0,1.0,2.0,9.07,12.6,1439.18,0.04,30.0,0.08,79.95,114.22,14.0,16.0,5.0,9.0,7.0,0
5.0,13.0,1.0,3.0,2.0,3.0,3.0,23.75,17.0,6864.9,0.13,84.0,0.06,381.38,403.82,34.0,50.0,14.0,14.0,16.0,0
12.0,31.0,66.0,8.0,1.0,1.0,6.0,24.77,35.05,30423.07,0.29,159.0,0.03,1690.17,868.05,64.0,95.0,21.0,23.0,37.0,0
3.0,6.0,0.0,2.0,2.0,1.0,1.0,13.54,7.5,761.84,0.03,26.0,0.13,42.32,101.58,10.0,16.0,6.0,9.0,7.0,0
7.0,10.0,3.0,4.0,3.0,1.0,2.0,27.19,7.86,1678.42,0.07,46.0,0.13,93.25,213.62,20.0,26.0,14.0,11.0,12.0,0
3.0,2.0,0.0,2.0,2.0,1.0,1.0,10.99,6.4,449.97,0.02,19.0,0.16,25.0,70.31,8.0,11.0,5.0,8.0,3.0,0
9.0,11.0,0.0,5.0,1.0,3.0,3.0,11.59,23.83,6580.75,0.09,65.0,0.04,365.6,276.12,22.0,43.0,6.0,13.0,14.0,0
5.0,7.0,8.0,3.0,2.0,1.0,1.0,13.79,12.95,2313.9,0.06,38.0,0.08,128.55,178.62,19.0,19.0,11.0,15.0,8.0,0
3.0,0.0,0.0,2.0,1.0,1.0,0.0,7.75,2.0,31.02,0.01,6.0,0.5,1.72,15.51,2.0,4.0,2.0,4.0,0.0,0
3.0,1.0,0.0,2.0,1.0,1.0,1.0,5.99,3.75,84.22,0.01,8.0,0.27,4.68,22.46,3.0,5.0,2.0,5.0,2.0,0
7.0,13.0,1.0,4.0,3.0,1.0,2.0,11.84,26.39,8245.95,0.1,65.0,0.04,458.11,312.48,25.0,40.0,9.0,19.0,15.0,0
13.0,26.0,12.0,7.0,5.0,5.0,6.0,22.56,27.5,17060.75,0.21,120.0,0.04,947.82,620.39,44.0,76.0,16.0,20.0,32.0,0
3.0,3.0,6.0,2.0,1.0,1.0,2.0,10.0,9.9,980.01,0.03,26.0,0.1,54.45,98.99,11.0,15.0,5.0,9.0,5.0,0
5.0,7.0,1.0,3.0,2.0,1.0,3.0,12.0,8.33,833.33,0.03,25.0,0.12,46.3,100.0,10.0,15.0,6.0,10.0,10.0,0
7.0,17.0,12.0,4.0,4.0,1.0,2.0,30.56,21.0,13475.4,0.21,119.0,0.05,748.63,641.69,56.0,63.0,24.0,18.0,19.0,0
3.0,2.0,0.0,2.0,2.0,1.0,1.0,14.83,3.5,181.62,0.02,15.0,0.29,10.09,51.89,4.0,11.0,4.0,7.0,3.0,0
3.0,6.0,0.0,2.0,2.0,1.0,1.0,11.82,7.2,612.79,0.03,23.0,0.14,34.04,85.11,9.0,14.0,5.0,8.0,7.0,0
5.0,10.0,3.0,3.0,3.0,1.0,1.0,28.2,10.0,2820.26,0.09,60.0,0.1,156.68,282.03,20.0,40.0,13.0,13.0,11.0,0
21.0,29.0,5.0,11.0,11.0,9.0,2.0,40.72,23.68,22836.03,0.32,180.0,0.04,1268.67,964.36,74.0,106.0,25.0,16.0,31.0,0
3.0,5.0,4.0,2.0,2.0,1.0,2.0,18.26,3.6,236.63,0.02,19.0,0.28,13.15,65.73,6.0,13.0,5.0,6.0,7.0,0
7.0,32.0,6.0,4.0,1.0,1.0,2.0,84.08,18.38,28389.73,0.52,283.0,0.05,1577.21,1545.02,98.0,185.0,32.0,12.0,34.0,0
5.0,6.0,0.0,3.0,3.0,3.0,2.0,16.52,11.25,2090.73,0.06,43.0,0.09,116.15,185.84,15.0,28.0,8.0,12.0,8.0,0
5.0,8.0,0.0,3.0,3.0,3.0,1.0,19.9,8.18,1332.39,0.05,36.0,0.12,74.02,162.85,15.0,21.0,11.0,12.0,9.0,0
5.0,11.0,6.0,3.0,3.0,1.0,1.0,28.19,18.79,9952.06,0.18,105.0,0.05,552.89,529.66,51.0,54.0,19.0,14.0,12.0,0
7.0,14.0,1.0,4.0,3.0,1.0,2.0,11.91,27.44,8971.59,0.11,68.0,0.04,498.42,326.9,26.0,42.0,9.0,19.0,16.0,0
3.0,5.0,2.0,2.0,2.0,1.0,2.0,34.97,4.78,799.32,0.06,36.0,0.21,44.41,167.18,17.0,19.0,16.0,9.0,7.0,0
3.0,0.0,0.0,2.0,1.0,1.0,0.0,9.87,7.7,585.2,0.03,19.0,0.13,32.5,76.0,7.0,12.0,5.0,11.0,0.0,0
9.0,8.0,0.0,5.0,5.0,3.0,2.0,10.38,18.42,3520.47,0.06,45.0,0.05,195.58,191.16,17.0,28.0,6.0,13.0,10.0,0
5.0,9.0,0.0,3.0,1.0,1.0,3.0,9.59,13.5,1748.46,0.04,35.0,0.07,97.14,129.52,12.0,23.0,4.0,9.0,12.0,0
3.0,4.0,1.0,2.0,2.0,1.0,1.0,11.52,3.75,161.94,0.01,13.0,0.27,9.0,43.19,5.0,8.0,4.0,6.0,5.0,0
11.0,15.0,2.0,6.0,4.0,5.0,4.0,18.72,17.36,5641.07,0.11,65.0,0.06,313.39,325.0,27.0,38.0,14.0,18.0,19.0,0
3.0,4.0,4.0,2.0,2.0,1.0,1.0,14.04,2.0,56.15,0.01,10.0,0.5,3.12,28.07,3.0,7.0,3.0,4.0,5.0,0
5.0,26.0,8.0,3.0,1.0,1.0,3.0,65.2,17.25,19400.09,0.37,206.0,0.06,1077.78,1124.64,92.0,114.0,32.0,12.0,29.0,0
5.0,9.0,0.0,3.0,3.0,1.0,2.0,15.89,9.63,1471.91,0.05,36.0,0.1,81.77,152.93,14.0,22.0,8.0,11.0,11.0,0
3.0,0.0,0.0,2.0,1.0,1.0,2.0,10.8,3.33,120.0,0.01,12.0,0.3,6.67,36.0,4.0,8.0,3.0,5.0,2.0,0
5.0,3.0,0.0,3.0,2.0,3.0,1.0,11.4,6.67,506.67,0.03,19.0,0.15,28.15,76.0,8.0,11.0,6.0,10.0,4.0,0
31.0,34.0,1.0,16.0,12.0,15.0,6.0,31.2,30.8,29601.09,0.32,175.0,0.03,1644.5,961.07,77.0,98.0,25.0,20.0,40.0,0
13.0,34.0,8.0,7.0,1.0,7.0,1.0,27.18,61.56,103003.28,0.56,341.0,0.02,5722.4,1673.25,161.0,180.0,17.0,13.0,35.0,0
3.0,2.0,0.0,2.0,1.0,1.0,1.0,9.34,6.67,415.13,0.02,18.0,0.15,23.06,62.27,5.0,13.0,3.0,8.0,3.0,0
3.0,4.0,8.0,2.0,1.0,1.0,2.0,12.96,7.71,771.43,0.03,25.0,0.13,42.86,100.0,12.0,13.0,7.0,9.0,6.0,0
5.0,8.0,3.0,3.0,3.0,1.0,1.0,16.47,10.67,1874.06,0.06,40.0,0.09,104.11,175.69,16.0,24.0,9.0,12.0,9.0,0
9.0,42.0,2.0,5.0,3.0,1.0,4.0,77.05,18.6,26664.97,0.48,261.0,0.05,1481.39,1433.37,115.0,146.0,34.0,11.0,46.0,0
3.0,1.0,0.0,2.0,1.0,1.0,1.0,5.05,5.0,126.33,0.01,9.0,0.2,7.02,25.27,4.0,5.0,2.0,5.0,2.0,0
5.0,3.0,0.0,3.0,3.0,1.0,1.0,7.78,11.25,985.15,0.03,23.0,0.09,54.73,87.57,9.0,14.0,4.0,10.0,4.0,0
5.0,4.0,0.0,3.0,3.0,3.0,1.0,15.9,5.79,532.29,0.03,23.0,0.17,29.57,92.0,9.0,14.0,7.0,9.0,5.0,0
7.0,13.0,6.0,4.0,3.0,3.0,4.0,25.03,10.29,2651.95,0.09,52.0,0.1,147.33,257.62,25.0,27.0,17.0,14.0,17.0,0
3.0,26.0,17.0,2.0,1.0,1.0,2.0,23.26,51.0,60496.65,0.4,266.0,0.02,3360.92,1186.21,102.0,164.0,11.0,11.0,28.0,0
5.0,7.0,0.0,3.0,1.0,3.0,2.0,12.51,18.0,4052.52,0.08,53.0,0.06,225.14,225.14,21.0,32.0,7.0,12.0,9.0,0
3.0,1.0,0.0,2.0,2.0,1.0,1.0,9.21,5.63,291.41,0.02,14.0,0.18,16.19,51.81,5.0,9.0,4.0,9.0,2.0,0
5.0,7.0,0.0,3.0,3.0,1.0,1.0,22.78,6.36,922.39,0.05,33.0,0.16,51.24,144.95,14.0,19.0,11.0,10.0,8.0,0
5.0,7.0,0.0,3.0,3.0,1.0,3.0,26.21,5.09,679.32,0.04,32.0,0.2,37.74,133.44,16.0,16.0,11.0,7.0,10.0,0
5.0,8.0,2.0,3.0,1.0,1.0,2.0,19.9,8.8,1541.2,0.06,42.0,0.11,85.62,175.14,22.0,20.0,10.0,8.0,10.0,0
1.0,0.0,0.0,1.0,1.0,1.0,0.0,8.0,3.0,72.0,0.01,8.0,0.33,4.0,24.0,2.0,6.0,2.0,6.0,0.0,0
7.0,14.0,0.0,4.0,2.0,1.0,3.0,15.95,27.3,11891.1,0.15,95.0,0.04,660.62,435.57,39.0,56.0,10.0,14.0,17.0,0
3.0,17.0,31.0,2.0,2.0,1.0,3.0,64.18,9.71,6045.7,0.21,131.0,0.1,335.87,622.89,33.0,98.0,17.0,10.0,20.0,0
3.0,1.0,0.0,2.0,2.0,1.0,1.0,7.78,5.33,221.4,0.01,12.0,0.19,12.3,41.51,4.0,8.0,3.0,8.0,2.0,0
5.0,7.0,1.0,3.0,2.0,3.0,1.0,17.97,7.33,966.31,0.04,30.0,0.14,53.68,131.77,11.0,19.0,9.0,12.0,8.0,0
13.0,43.0,29.0,7.0,7.0,1.0,4.0,62.57,29.75,55377.85,0.62,337.0,0.03,3076.55,1861.44,136.0,201.0,32.0,14.0,47.0,0
3.0,10.0,2.0,2.0,2.0,1.0,2.0,18.5,11.25,2341.67,0.07,49.0,0.09,130.09,208.15,25.0,24.0,10.0,9.0,12.0,0
7.0,2.0,0.0,4.0,1.0,3.0,1.0,8.54,9.33,744.11,0.03,24.0,0.11,41.34,79.73,8.0,16.0,3.0,7.0,3.0,0
13.0,32.0,6.0,7.0,7.0,5.0,6.0,35.74,23.0,18906.42,0.27,159.0,0.04,1050.36,822.02,46.0,113.0,18.0,18.0,38.0,0
3.0,2.0,0.0,2.0,2.0,1.0,1.0,8.71,7.0,426.61,0.02,17.0,0.14,23.7,60.94,7.0,10.0,4.0,8.0,3.0,0
3.0,7.0,0.0,2.0,2.0,1.0,2.0,12.02,9.75,1142.77,0.04,30.0,0.1,63.49,117.21,13.0,17.0,6.0,9.0,9.0,0
11.0,29.0,0.0,6.0,5.0,3.0,4.0,32.25,27.61,24598.68,0.3,171.0,0.04,1366.59,890.82,81.0,90.0,22.0,15.0,33.0,0
6.0,16.0,1.0,4.0,3.0,1.0,4.0,15.54,13.0,2626.61,0.07,46.0,0.08,145.92,202.05,16.0,30.0,8.0,13.0,20.0,0
9.0,14.0,0.0,5.0,1.0,1.0,1.0,15.91,20.63,6766.8,0.11,69.0,0.05,375.93,328.09,33.0,36.0,12.0,15.0,15.0,0
13.0,20.0,4.0,7.0,1.0,7.0,3.0,15.01,26.31,10391.54,0.13,79.0,0.04,577.31,395.0,36.0,43.0,13.0,19.0,23.0,0
3.0,4.0,0.0,2.0,2.0,1.0,2.0,8.96,8.0,573.59,0.02,20.0,0.13,31.87,71.7,8.0,12.0,4.0,8.0,6.0,0
3.0,3.0,0.0,2.0,2.0,1.0,1.0,10.79,10.5,1189.65,0.04,29.0,0.1,66.09,113.3,14.0,15.0,6.0,9.0,4.0,0
13.0,16.0,0.0,7.0,5.0,7.0,4.0,11.55,35.0,14143.26,0.13,92.0,0.03,785.74,404.09,35.0,57.0,7.0,14.0,20.0,0
9.0,11.0,0.0,5.0,1.0,3.0,3.0,11.17,15.4,2648.8,0.06,43.0,0.06,147.16,172.0,14.0,29.0,5.0,11.0,14.0,0
5.0,11.0,0.0,3.0,3.0,3.0,4.0,13.48,16.67,3744.39,0.07,49.0,0.06,208.02,224.66,20.0,29.0,9.0,15.0,15.0,0
10.0,33.0,4.0,6.0,6.0,4.0,6.0,33.05,17.59,10229.12,0.19,102.0,0.06,568.28,581.44,38.0,64.0,27.0,25.0,39.0,0
3.0,3.0,0.0,2.0,2.0,1.0,1.0,13.11,4.8,301.96,0.02,17.0,0.21,16.78,62.91,6.0,11.0,5.0,8.0,4.0,0
3.0,3.0,2.0,2.0,1.0,1.0,1.0,11.98,5.25,330.26,0.02,17.0,0.19,18.35,62.91,9.0,8.0,6.0,7.0,4.0,0
5.0,7.0,0.0,3.0,2.0,3.0,2.0,11.78,9.17,990.0,0.04,27.0,0.11,55.0,108.0,11.0,16.0,6.0,10.0,9.0,0
10.0,22.0,0.0,6.0,6.0,1.0,5.0,28.73,23.21,15477.01,0.22,128.0,0.04,859.83,666.81,49.0,79.0,19.0,18.0,27.0,0
5.0,9.0,5.0,3.0,2.0,3.0,2.0,20.63,12.12,3028.63,0.08,52.0,0.08,168.26,249.98,21.0,31.0,13.0,15.0,11.0,0
29.0,46.0,28.0,15.0,10.0,10.0,5.0,31.83,37.96,45877.98,0.4,212.0,0.03,2548.78,1208.49,82.0,130.0,27.0,25.0,51.0,0
7.0,31.0,12.0,4.0,4.0,1.0,4.0,40.31,18.87,14351.82,0.25,146.0,0.05,797.32,760.58,62.0,84.0,23.0,14.0,35.0,0
9.0,17.0,38.0,5.0,3.0,1.0,7.0,17.27,20.42,7197.55,0.12,75.0,0.05,399.86,352.53,35.0,40.0,12.0,14.0,24.0,0
5.0,16.0,8.0,3.0,3.0,1.0,3.0,41.74,6.73,1890.84,0.09,65.0,0.15,105.05,280.93,25.0,40.0,13.0,7.0,19.0,1
5.0,12.0,0.0,3.0,2.0,1.0,1.0,27.66,13.75,5230.38,0.13,80.0,0.07,290.58,380.39,40.0,40.0,16.0,11.0,13.0,0
3.0,4.0,21.0,2.0,1.0,1.0,2.0,14.23,9.38,1250.98,0.04,32.0,0.11,69.5,133.44,15.0,17.0,8.0,10.0,6.0,0
3.0,8.0,2.0,2.0,2.0,1.0,2.0,16.21,18.15,5341.28,0.1,67.0,0.06,296.74,294.29,33.0,34.0,10.0,11.0,10.0,0
9.0,32.0,4.0,5.0,3.0,3.0,4.0,55.58,30.67,52269.23,0.57,299.0,0.03,2903.85,1704.43,138.0,161.0,36.0,16.0,36.0,0
1.0,1.0,0.0,1.0,1.0,1.0,1.0,8.0,3.0,72.0,0.01,8.0,0.33,4.0,24.0,2.0,6.0,2.0,6.0,2.0,0
3.0,5.0,2.0,2.0,2.0,1.0,1.0,20.94,8.18,1401.55,0.06,39.0,0.12,77.86,171.3,18.0,21.0,11.0,10.0,6.0,0
3.0,4.0,0.0,2.0,2.0,1.0,1.0,9.87,6.75,449.6,0.02,18.0,0.15,24.98,66.61,6.0,12.0,4.0,9.0,5.0,0
3.0,19.0,5.0,2.0,2.0,1.0,2.0,39.59,16.58,10880.48,0.22,129.0,0.06,604.47,656.28,42.0,87.0,19.0,15.0,21.0,0
3.0,3.0,0.0,2.0,1.0,1.0,1.0,9.68,5.83,329.42,0.02,17.0,0.17,18.3,56.47,5.0,12.0,3.0,7.0,4.0,0
5.0,18.0,1.0,3.0,3.0,1.0,6.0,22.56,12.5,3525.33,0.09,60.0,0.08,195.85,282.03,25.0,35.0,13.0,13.0,24.0,0
3.0,3.0,4.0,2.0,2.0,1.0,1.0,7.4,5.83,251.91,0.01,13.0,0.17,14.0,43.19,5.0,8.0,3.0,7.0,4.0,0
15.0,56.0,17.0,9.0,6.0,4.0,4.0,36.04,41.43,61857.91,0.5,242.0,0.02,3436.55,1493.12,116.0,126.0,42.0,30.0,60.0,0
5.0,10.0,0.0,3.0,3.0,1.0,4.0,18.12,4.2,319.65,0.03,22.0,0.24,17.76,76.11,7.0,15.0,5.0,6.0,14.0,0
9.0,8.0,0.0,5.0,2.0,3.0,2.0,8.77,19.5,3333.86,0.06,41.0,0.05,185.21,170.97,15.0,26.0,5.0,13.0,10.0,0
3.0,2.0,0.0,2.0,2.0,1.0,1.0,9.87,6.75,449.6,0.02,18.0,0.15,24.98,66.61,6.0,12.0,4.0,9.0,3.0,0
5.0,2.0,0.0,3.0,3.0,1.0,1.0,14.31,7.14,729.9,0.03,25.0,0.14,40.55,102.19,10.0,15.0,7.0,10.0,3.0,0
7.0,15.0,0.0,4.0,4.0,4.0,4.0,19.5,20.92,8538.09,0.14,84.0,0.05,474.34,408.07,34.0,50.0,13.0,16.0,19.0,0
7.0,9.0,0.0,4.0,3.0,1.0,1.0,25.87,7.69,1531.05,0.07,44.0,0.13,85.06,199.04,20.0,24.0,13.0,10.0,10.0,0
29.0,31.0,22.0,15.0,14.0,10.0,5.0,39.5,33.6,44598.88,0.44,234.0,0.03,2477.72,1327.35,96.0,138.0,30.0,21.0,36.0,0
3.0,6.0,0.0,2.0,1.0,1.0,2.0,8.79,7.88,544.86,0.02,20.0,0.13,30.27,69.19,9.0,11.0,4.0,7.0,8.0,0
11.0,12.0,3.0,6.0,5.0,6.0,2.0,15.45,16.5,4205.45,0.08,60.0,0.06,233.64,254.88,24.0,36.0,8.0,11.0,14.0,0
5.0,6.0,0.0,3.0,2.0,1.0,1.0,10.38,12.07,1512.98,0.04,29.0,0.08,84.05,125.34,13.0,16.0,7.0,13.0,7.0,0
7.0,5.0,0.0,4.0,1.0,1.0,1.0,5.1,20.17,2073.1,0.03,27.0,0.05,115.17,102.8,11.0,16.0,3.0,11.0,6.0,0
9.0,16.0,6.0,5.0,4.0,4.0,4.0,34.96,10.5,3854.18,0.12,71.0,0.1,214.12,367.06,33.0,38.0,22.0,14.0,20.0,0
3.0,1.0,0.0,2.0,1.0,1.0,1.0,10.3,4.0,164.84,0.01,13.0,0.25,9.16,41.21,4.0,9.0,3.0,6.0,2.0,0
5.0,5.0,0.0,3.0,2.0,1.0,1.0,19.31,8.89,1525.99,0.06,42.0,0.11,84.78,171.67,20.0,22.0,9.0,8.0,6.0,0
5.0,4.0,4.0,3.0,2.0,1.0,1.0,11.72,6.0,421.94,0.02,18.0,0.17,23.44,70.32,8.0,10.0,6.0,9.0,5.0,0
5.0,5.0,0.0,3.0,1.0,1.0,2.0,10.85,9.0,879.05,0.03,25.0,0.11,48.84,97.67,9.0,16.0,5.0,10.0,7.0,0
3.0,4.0,10.0,2.0,1.0,1.0,1.0,13.1,6.86,616.17,0.03,23.0,0.15,34.23,89.86,12.0,11.0,7.0,8.0,5.0,0
3.0,6.0,24.0,2.0,2.0,1.0,2.0,18.73,15.0,4214.16,0.09,63.0,0.07,234.12,280.94,30.0,33.0,11.0,11.0,8.0,0
3.0,4.0,0.0,2.0,2.0,1.0,1.0,14.13,8.57,1038.11,0.04,31.0,0.12,57.67,121.11,15.0,16.0,7.0,8.0,5.0,0
3.0,4.0,0.0,2.0,2.0,1.0,1.0,17.18,8.56,1257.2,0.05,34.0,0.12,69.84,146.95,14.0,20.0,9.0,11.0,5.0,0
7.0,12.0,0.0,4.0,2.0,3.0,3.0,14.77,23.25,7985.96,0.11,70.0,0.04,443.66,343.48,31.0,39.0,12.0,18.0,15.0,0
3.0,4.0,0.0,2.0,2.0,1.0,1.0,10.54,5.25,290.59,0.02,16.0,0.19,16.14,55.35,6.0,10.0,4.0,7.0,5.0,0
7.0,21.0,6.0,4.0,3.0,1.0,3.0,37.17,15.89,9387.53,0.2,111.0,0.06,521.53,590.73,43.0,68.0,23.0,17.0,24.0,1
3.0,5.0,0.0,2.0,1.0,1.0,3.0,24.31,4.28,444.89,0.03,26.0,0.23,24.72,104.0,11.0,15.0,9.0,7.0,8.0,0
3.0,10.0,4.0,2.0,2.0,1.0,2.0,24.46,11.39,3174.41,0.09,60.0,0.09,176.36,278.63,29.0,31.0,14.0,11.0,12.0,0
5.0,7.0,0.0,3.0,2.0,3.0,2.0,13.51,17.87,4318.2,0.08,55.0,0.06,239.9,241.58,22.0,33.0,8.0,13.0,9.0,0
5.0,9.0,0.0,3.0,1.0,3.0,1.0,17.11,7.7,1014.63,0.04,30.0,0.13,56.37,131.77,14.0,16.0,10.0,11.0,10.0,0
27.0,89.0,21.0,16.0,16.0,16.0,8.0,53.43,36.9,72748.05,0.66,353.0,0.03,4041.56,1971.49,123.0,230.0,30.0,18.0,97.0,0
5.0,3.0,0.0,3.0,2.0,1.0,1.0,11.02,10.21,1150.01,0.04,27.0,0.1,63.89,112.59,13.0,14.0,7.0,11.0,4.0,0
15.0,11.0,3.0,8.0,5.0,1.0,1.0,15.21,17.36,4582.29,0.09,66.0,0.06,254.57,264.0,27.0,39.0,7.0,9.0,12.0,0
3.0,9.0,0.0,2.0,2.0,1.0,2.0,13.9,15.0,3127.44,0.07,50.0,0.07,173.75,208.5,24.0,26.0,8.0,10.0,11.0,0
3.0,9.0,1.0,2.0,2.0,1.0,2.0,22.01,10.0,2200.78,0.07,48.0,0.1,122.27,220.08,20.0,28.0,12.0,12.0,11.0,0
5.0,9.0,4.0,3.0,1.0,1.0,1.0,8.15,11.0,985.86,0.03,25.0,0.09,54.77,89.62,11.0,14.0,4.0,8.0,10.0,0
3.0,2.0,0.0,2.0,2.0,1.0,1.0,9.75,6.25,380.74,0.02,16.0,0.16,21.15,60.92,5.0,11.0,4.0,10.0,3.0,0
3.0,1.0,0.0,2.0,1.0,1.0,1.0,7.86,2.5,49.13,0.01,7.0,0.4,2.73,19.65,2.0,5.0,2.0,5.0,2.0,0
3.0,4.0,0.0,2.0,2.0,1.0,1.0,20.22,7.5,1137.16,0.05,34.0,0.13,63.18,151.62,15.0,19.0,11.0,11.0,5.0,0
9.0,9.0,0.0,5.0,1.0,4.0,2.0,9.49,16.8,2678.11,0.05,39.0,0.06,148.78,159.41,14.0,25.0,5.0,12.0,11.0,0
3.0,2.0,0.0,2.0,2.0,1.0,1.0,10.15,9.0,822.39,0.03,24.0,0.11,45.69,91.38,10.0,14.0,5.0,9.0,3.0,0
5.0,0.0,0.0,3.0,3.0,1.0,0.0,10.3,11.0,1246.3,0.04,29.0,0.09,69.24,113.3,11.0,18.0,5.0,10.0,0.0,0
3.0,2.0,0.0,2.0,2.0,1.0,2.0,7.83,4.67,170.53,0.01,11.0,0.21,9.47,36.54,4.0,7.0,3.0,7.0,4.0,0
3.0,5.0,0.0,2.0,2.0,1.0,1.0,13.18,4.2,232.47,0.02,16.0,0.24,12.92,55.35,7.0,9.0,5.0,6.0,6.0,0
3.0,1.0,0.0,2.0,1.0,1.0,1.0,7.83,4.67,170.53,0.01,11.0,0.21,9.47,36.54,4.0,7.0,3.0,7.0,2.0,0
5.0,4.0,0.0,3.0,3.0,3.0,1.0,15.9,5.79,532.29,0.03,23.0,0.17,29.57,92.0,9.0,14.0,7.0,9.0,5.0,0
5.0,8.0,3.0,3.0,1.0,3.0,2.0,11.97,13.0,2022.66,0.05,36.0,0.08,112.37,155.59,14.0,22.0,7.0,13.0,10.0,0
7.0,11.0,6.0,4.0,3.0,4.0,1.0,21.0,15.0,4723.94,0.1,67.0,0.07,262.44,314.93,30.0,37.0,13.0,13.0,12.0,0
3.0,2.0,0.0,2.0,1.0,1.0,1.0,7.65,7.5,430.2,0.02,16.0,0.13,23.9,57.36,5.0,11.0,3.0,9.0,3.0,0
11.0,19.0,3.0,6.0,1.0,5.0,3.0,17.09,23.54,9471.05,0.13,82.0,0.04,526.17,402.37,36.0,46.0,13.0,17.0,22.0,0
5.0,6.0,1.0,3.0,3.0,3.0,1.0,7.67,13.75,1450.43,0.04,27.0,0.07,80.58,105.49,10.0,17.0,4.0,11.0,7.0,0
3.0,2.0,0.0,2.0,1.0,1.0,1.0,8.3,6.67,369.01,0.02,16.0,0.15,20.5,55.35,5.0,11.0,3.0,8.0,3.0,0
3.0,3.0,0.0,2.0,2.0,1.0,2.0,8.71,7.0,426.61,0.02,17.0,0.14,23.7,60.94,7.0,10.0,4.0,8.0,5.0,0
9.0,10.0,2.0,5.0,1.0,1.0,1.0,29.13,4.67,634.36,0.05,32.0,0.21,35.24,135.93,16.0,16.0,12.0,7.0,11.0,0
3.0,11.0,7.0,2.0,2.0,1.0,2.0,17.14,7.0,840.0,0.04,30.0,0.14,46.67,120.0,18.0,12.0,9.0,7.0,13.0,0
5.0,8.0,0.0,3.0,3.0,1.0,1.0,14.12,17.85,4498.36,0.08,53.0,0.06,249.91,252.01,21.0,32.0,10.0,17.0,9.0,0
3.0,7.0,4.0,2.0,1.0,1.0,1.0,15.26,11.4,1982.66,0.06,39.0,0.09,110.15,173.92,19.0,20.0,10.0,12.0,8.0,0
3.0,1.0,0.0,2.0,2.0,1.0,1.0,11.41,2.5,71.32,0.01,9.0,0.4,3.96,28.53,4.0,5.0,4.0,5.0,2.0,0
5.0,4.0,0.0,3.0,2.0,1.0,1.0,8.53,15.0,1920.0,0.04,32.0,0.07,106.67,128.0,10.0,22.0,4.0,12.0,5.0,0
5.0,11.0,67.0,3.0,3.0,1.0,4.0,27.63,6.87,1306.18,0.06,42.0,0.15,72.57,189.99,15.0,27.0,12.0,11.0,15.0,0
3.0,6.0,0.0,2.0,2.0,1.0,2.0,14.88,5.25,410.22,0.03,20.0,0.19,22.79,78.14,7.0,13.0,6.0,9.0,8.0,0
7.0,3.0,0.0,4.0,1.0,1.0,1.0,10.93,8.8,846.66,0.03,26.0,0.11,47.04,96.21,11.0,15.0,5.0,8.0,4.0,0
7.0,9.0,1.0,4.0,2.0,4.0,3.0,14.31,10.0,1430.61,0.05,35.0,0.1,79.48,143.06,14.0,21.0,7.0,10.0,12.0,0
3.0,22.0,6.0,2.0,1.0,1.0,2.0,105.6,11.44,13825.25,0.4,209.0,0.09,768.07,1208.3,82.0,127.0,43.0,12.0,24.0,0
13.0,9.0,1.0,7.0,1.0,7.0,1.0,17.4,18.42,5901.18,0.11,69.0,0.05,327.84,320.43,34.0,35.0,12.0,13.0,10.0,0
5.0,6.0,0.0,3.0,1.0,1.0,4.0,8.31,9.17,698.02,0.03,20.0,0.11,38.78,76.15,5.0,15.0,3.0,11.0,10.0,0
15.0,41.0,22.0,8.0,5.0,1.0,3.0,27.62,33.0,30072.95,0.3,169.0,0.03,1670.72,911.3,66.0,103.0,21.0,21.0,44.0,0
10.0,76.0,4.0,6.0,6.0,1.0,5.0,164.51,20.18,66971.99,1.11,484.0,0.05,3720.67,3319.26,235.0,249.0,99.0,17.0,81.0,0
3.0,6.0,0.0,2.0,2.0,1.0,2.0,8.05,14.67,1731.08,0.04,31.0,0.07,96.17,118.03,8.0,23.0,3.0,11.0,8.0,0
7.0,7.0,0.0,4.0,1.0,1.0,2.0,13.75,12.0,1980.7,0.06,36.0,0.08,110.04,165.06,12.0,24.0,8.0,16.0,9.0,0
3.0,6.0,2.0,2.0,2.0,1.0,1.0,10.79,7.2,559.51,0.03,21.0,0.14,31.08,77.71,9.0,12.0,5.0,8.0,7.0,0
5.0,7.0,6.0,3.0,3.0,1.0,1.0,20.73,8.73,1579.13,0.06,40.0,0.11,87.73,180.94,16.0,24.0,11.0,12.0,8.0,0
3.0,4.0,2.0,2.0,2.0,1.0,2.0,8.64,4.17,150.0,0.01,12.0,0.24,8.33,36.0,5.0,7.0,3.0,5.0,6.0,0
5.0,25.0,47.0,3.0,2.0,1.0,3.0,33.63,18.0,10897.35,0.2,119.0,0.06,605.41,605.41,36.0,83.0,17.0,17.0,28.0,0
18.0,43.0,22.0,10.0,6.0,5.0,6.0,27.03,40.02,43298.39,0.36,188.0,0.02,2405.47,1081.92,69.0,119.0,25.0,29.0,49.0,0
3.0,5.0,0.0,2.0,2.0,1.0,1.0,8.0,15.0,1800.0,0.04,30.0,0.07,100.0,120.0,10.0,20.0,4.0,12.0,6.0,0
3.0,2.0,0.0,2.0,2.0,1.0,1.0,9.49,3.5,116.27,0.01,10.0,0.29,6.46,33.22,3.0,7.0,3.0,7.0,3.0,0
5.0,18.0,1.0,3.0,2.0,1.0,3.0,19.43,16.14,5069.44,0.1,66.0,0.06,281.64,313.82,30.0,36.0,13.0,14.0,21.0,0
7.0,9.0,4.0,4.0,3.0,1.0,2.0,27.2,6.15,1029.98,0.06,37.0,0.16,57.22,167.37,16.0,21.0,13.0,10.0,11.0,0
3.0,17.0,29.0,2.0,2.0,1.0,2.0,26.89,21.18,12056.83,0.19,111.0,0.05,669.82,569.35,40.0,71.0,17.0,18.0,19.0,0
3.0,6.0,3.0,2.0,1.0,1.0,1.0,11.44,10.71,1313.83,0.04,30.0,0.09,72.99,122.62,15.0,15.0,7.0,10.0,7.0,0
5.0,26.0,100.0,3.0,3.0,1.0,3.0,119.94,3.62,1572.37,0.14,84.0,0.28,87.35,434.27,30.0,54.0,29.0,7.0,29.0,0
3.0,2.0,0.0,2.0,1.0,1.0,1.0,13.95,2.5,87.17,0.01,11.0,0.4,4.84,34.87,4.0,7.0,4.0,5.0,3.0,0
11.0,18.0,0.0,6.0,6.0,6.0,4.0,21.7,25.8,14446.14,0.19,111.0,0.04,802.56,559.93,43.0,68.0,15.0,18.0,22.0,0
9.0,6.0,0.0,5.0,4.0,5.0,1.0,7.87,15.0,1770.42,0.04,31.0,0.07,98.36,118.03,12.0,19.0,4.0,10.0,7.0,0
23.0,85.0,16.0,16.0,14.0,4.0,5.0,72.85,37.97,105022.95,0.92,422.0,0.03,5834.61,2766.04,162.0,260.0,64.0,30.0,90.0,0
3.0,13.0,6.0,2.0,2.0,1.0,1.0,48.4,11.36,6250.0,0.18,110.0,0.09,347.22,550.0,50.0,60.0,22.0,10.0,14.0,0
3.0,3.0,2.0,2.0,2.0,1.0,1.0,11.09,4.0,177.52,0.01,14.0,0.25,9.86,44.38,4.0,10.0,3.0,6.0,4.0,0
3.0,7.0,0.0,2.0,2.0,1.0,3.0,15.05,6.75,685.66,0.03,26.0,0.15,38.09,101.58,9.0,17.0,6.0,9.0,10.0,0
5.0,7.0,8.0,3.0,3.0,1.0,3.0,19.12,4.5,387.18,0.03,24.0,0.22,21.51,86.04,9.0,15.0,6.0,6.0,10.0,0
11.0,10.0,5.0,6.0,1.0,6.0,2.0,19.74,14.77,4304.92,0.1,60.0,0.07,239.16,291.48,24.0,36.0,13.0,16.0,12.0,0
5.0,3.0,0.0,3.0,1.0,1.0,1.0,15.9,6.43,656.91,0.03,25.0,0.16,36.5,102.19,9.0,16.0,7.0,10.0,4.0,0
9.0,17.0,4.0,5.0,5.0,1.0,4.0,30.33,11.0,3670.35,0.11,68.0,0.09,203.91,333.67,22.0,46.0,15.0,15.0,21.0,0
3.0,1.0,0.0,2.0,1.0,1.0,1.0,3.95,15.75,980.75,0.02,18.0,0.06,54.49,62.27,7.0,11.0,2.0,9.0,2.0,0
3.0,3.0,1.0,2.0,1.0,1.0,1.0,10.89,5.4,317.58,0.02,17.0,0.19,17.64,58.81,9.0,8.0,5.0,6.0,4.0,0
3.0,7.0,0.0,2.0,2.0,1.0,2.0,16.85,7.56,963.75,0.04,30.0,0.13,53.54,127.44,11.0,19.0,8.0,11.0,9.0,0
11.0,14.0,3.0,6.0,3.0,1.0,4.0,18.23,24.5,10940.27,0.15,95.0,0.04,607.79,446.54,49.0,46.0,13.0,13.0,18.0,0
15.0,87.0,26.0,8.0,5.0,1.0,6.0,219.58,27.98,171850.8,2.05,935.0,0.04,9547.27,6142.81,387.0,548.0,83.0,12.0,93.0,0
11.0,28.0,12.0,6.0,6.0,6.0,5.0,35.31,16.4,9496.12,0.19,112.0,0.06,527.56,579.03,41.0,71.0,20.0,16.0,33.0,0
3.0,2.0,0.0,2.0,2.0,1.0,1.0,13.32,3.5,163.12,0.02,13.0,0.29,9.06,46.6,5.0,8.0,5.0,7.0,3.0,0
7.0,4.0,0.0,4.0,1.0,1.0,1.0,8.07,7.0,395.31,0.02,17.0,0.14,21.96,56.47,6.0,11.0,3.0,7.0,5.0,0
5.0,4.0,0.0,3.0,3.0,3.0,1.0,11.29,9.0,914.21,0.03,26.0,0.11,50.79,101.58,9.0,17.0,5.0,10.0,5.0,0
3.0,2.0,0.0,2.0,2.0,1.0,1.0,9.65,7.5,542.55,0.02,19.0,0.13,30.14,72.34,6.0,13.0,4.0,10.0,3.0,0
5.0,8.0,1.0,3.0,3.0,1.0,3.0,14.42,17.18,4256.92,0.08,51.0,0.06,236.5,247.76,21.0,30.0,11.0,18.0,11.0,0
13.0,18.0,2.0,7.0,6.0,6.0,3.0,29.39,16.32,7840.0,0.16,96.0,0.06,435.56,480.0,42.0,54.0,18.0,14.0,21.0,0
3.0,4.0,7.0,2.0,2.0,1.0,1.0,12.8,4.2,225.85,0.02,15.0,0.24,12.55,53.77,6.0,9.0,5.0,7.0,5.0,0
7.0,7.0,0.0,4.0,2.0,4.0,2.0,6.77,19.5,2574.0,0.04,33.0,0.05,143.0,132.0,13.0,20.0,4.0,12.0,9.0,0
3.0,7.0,0.0,2.0,2.0,1.0,2.0,28.06,3.43,329.87,0.03,26.0,0.29,18.33,96.21,8.0,18.0,7.0,6.0,9.0,0
3.0,8.0,1.0,2.0,2.0,1.0,3.0,16.37,6.87,774.04,0.04,27.0,0.15,43.0,112.59,11.0,16.0,8.0,10.0,11.0,0
5.0,14.0,1.0,3.0,1.0,1.0,3.0,14.37,14.67,3092.19,0.07,48.0,0.07,171.79,210.83,22.0,26.0,9.0,12.0,17.0,0
3.0,3.0,0.0,2.0,2.0,1.0,1.0,19.7,8.25,1340.75,0.05,37.0,0.12,74.49,162.52,15.0,22.0,10.0,11.0,4.0,0
5.0,3.0,0.0,3.0,3.0,1.0,1.0,14.36,8.36,1002.86,0.04,30.0,0.12,55.71,120.0,13.0,17.0,7.0,9.0,4.0,0
3.0,8.0,2.0,2.0,2.0,1.0,2.0,14.37,18.94,5158.22,0.09,63.0,0.05,286.57,272.28,31.0,32.0,9.0,11.0,10.0,0
5.0,6.0,0.0,3.0,1.0,3.0,2.0,8.11,11.25,1027.99,0.03,24.0,0.09,57.11,91.38,9.0,15.0,4.0,10.0,8.0,0
3.0,8.0,0.0,2.0,1.0,1.0,1.0,18.88,36.9,25706.76,0.23,164.0,0.03,1428.15,696.66,82.0,82.0,10.0,9.0,9.0,0
3.0,6.0,0.0,2.0,2.0,1.0,2.0,12.09,11.33,1553.4,0.05,36.0,0.09,86.3,137.06,17.0,19.0,6.0,8.0,8.0,0
3.0,6.0,12.0,2.0,1.0,1.0,1.0,14.0,10.67,1592.95,0.05,34.0,0.09,88.5,149.34,16.0,18.0,9.0,12.0,7.0,0
7.0,12.0,0.0,4.0,3.0,1.0,3.0,13.08,24.8,8043.39,0.11,69.0,0.04,446.86,324.33,31.0,38.0,10.0,16.0,15.0,0
3.0,1.0,0.0,2.0,2.0,1.0,1.0,9.0,3.33,100.0,0.01,10.0,0.3,5.56,30.0,4.0,6.0,3.0,5.0,2.0,0
7.0,24.0,15.0,4.0,4.0,1.0,1.0,33.32,23.95,19118.02,0.27,151.0,0.04,1062.11,798.1,62.0,89.0,22.0,17.0,25.0,0
9.0,5.0,0.0,5.0,1.0,1.0,1.0,19.33,6.5,816.68,0.04,33.0,0.15,45.37,125.64,13.0,20.0,7.0,7.0,6.0,0
5.0,8.0,27.0,3.0,1.0,1.0,3.0,9.03,18.67,3146.36,0.06,39.0,0.05,174.8,168.56,16.0,23.0,6.0,14.0,11.0,0
3.0,13.0,4.0,2.0,2.0,1.0,2.0,29.63,13.0,5006.9,0.13,81.0,0.08,278.16,385.15,28.0,53.0,14.0,13.0,15.0,0
1.0,1.0,0.0,1.0,1.0,1.0,1.0,6.55,3.0,58.95,0.01,7.0,0.33,3.28,19.65,1.0,6.0,1.0,6.0,2.0,0
3.0,16.0,40.0,2.0,1.0,1.0,1.0,26.21,22.13,12827.76,0.19,132.0,0.05,712.65,579.79,59.0,73.0,12.0,9.0,17.0,0
5.0,4.0,2.0,3.0,3.0,1.0,1.0,17.8,10.05,1796.26,0.06,39.0,0.1,99.79,178.81,17.0,22.0,11.0,13.0,5.0,0
3.0,4.0,0.0,2.0,2.0,1.0,3.0,7.35,8.0,470.48,0.02,17.0,0.13,26.14,58.81,6.0,11.0,3.0,8.0,7.0,0
3.0,3.0,4.0,2.0,2.0,1.0,1.0,13.32,5.83,453.3,0.03,21.0,0.17,25.18,77.71,10.0,11.0,6.0,7.0,4.0,0
5.0,4.0,0.0,3.0,2.0,1.0,2.0,8.93,7.88,553.68,0.02,19.0,0.13,30.76,70.31,7.0,12.0,4.0,9.0,6.0,0
21.0,22.0,13.0,11.0,11.0,1.0,2.0,102.3,4.13,1740.72,0.14,86.0,0.24,96.71,421.99,33.0,53.0,24.0,6.0,24.0,0
9.0,21.0,3.0,5.0,4.0,4.0,4.0,39.05,17.54,12010.76,0.23,127.0,0.06,667.26,684.82,57.0,70.0,26.0,16.0,25.0,0
104.0,265.0,43.0,54.0,42.0,23.0,51.0,113.79,56.83,367534.33,2.16,897.0,0.02,20418.57,6466.88,341.0,556.0,111.0,37.0,316.0,1
7.0,7.0,0.0,4.0,1.0,4.0,2.0,5.74,20.0,2294.27,0.04,31.0,0.05,127.46,114.71,12.0,19.0,3.0,10.0,9.0,0
12.0,29.0,19.0,10.0,9.0,1.0,2.0,35.76,13.5,6517.93,0.16,92.0,0.07,362.11,482.81,30.0,62.0,20.0,18.0,31.0,0
7.0,10.0,2.0,4.0,3.0,4.0,3.0,24.04,11.0,2908.45,0.09,55.0,0.09,161.58,264.4,22.0,33.0,14.0,14.0,13.0,0
3.0,10.0,0.0,2.0,2.0,1.0,2.0,34.95,10.63,3945.43,0.12,79.0,0.09,219.19,371.33,34.0,45.0,16.0,10.0,12.0,0
29.0,63.0,17.0,16.0,15.0,7.0,11.0,46.5,26.63,32968.78,0.41,202.0,0.04,1831.6,1238.12,67.0,135.0,39.0,31.0,74.0,0
3.0,10.0,4.0,2.0,2.0,1.0,2.0,22.42,12.27,3375.24,0.09,60.0,0.08,187.51,275.1,29.0,31.0,13.0,11.0,12.0,0
3.0,1.0,0.0,2.0,1.0,1.0,1.0,6.97,5.0,174.35,0.01,11.0,0.2,9.69,34.87,5.0,6.0,3.0,6.0,2.0,0
3.0,2.0,0.0,2.0,2.0,1.0,1.0,6.04,5.25,166.42,0.01,10.0,0.19,9.25,31.7,3.0,7.0,2.0,7.0,3.0,0
3.0,4.0,0.0,2.0,1.0,1.0,1.0,6.18,5.0,154.4,0.01,11.0,0.2,8.58,30.88,4.0,7.0,2.0,5.0,5.0,0
7.0,9.0,1.0,4.0,4.0,1.0,3.0,18.47,17.0,5338.7,0.1,64.0,0.06,296.59,314.04,26.0,38.0,13.0,17.0,12.0,0
3.0,7.0,0.0,2.0,2.0,1.0,2.0,19.99,4.0,319.82,0.03,21.0,0.25,17.77,79.95,8.0,13.0,7.0,7.0,9.0,0
3.0,2.0,0.0,2.0,2.0,1.0,1.0,12.5,7.5,703.24,0.03,24.0,0.13,39.07,93.77,10.0,14.0,6.0,9.0,3.0,0
3.0,2.0,0.0,2.0,2.0,1.0,1.0,6.67,9.33,581.18,0.02,18.0,0.11,32.29,62.27,7.0,11.0,3.0,8.0,3.0,0
3.0,2.0,0.0,2.0,2.0,1.0,1.0,13.33,6.0,479.73,0.03,21.0,0.17,26.65,79.95,9.0,12.0,6.0,8.0,3.0,0
9.0,9.0,0.0,5.0,4.0,5.0,1.0,20.03,13.36,3573.39,0.09,54.0,0.07,198.52,267.53,22.0,32.0,14.0,17.0,10.0,0
3.0,1.0,0.0,2.0,2.0,1.0,1.0,9.51,3.0,85.59,0.01,9.0,0.33,4.75,28.53,3.0,6.0,3.0,6.0,2.0,0
13.0,34.0,5.0,7.0,4.0,1.0,4.0,44.14,14.25,8962.72,0.21,119.0,0.07,497.93,628.96,57.0,62.0,26.0,13.0,38.0,0
9.0,16.0,0.0,5.0,2.0,1.0,3.0,16.91,18.7,5913.82,0.11,72.0,0.05,328.55,316.25,34.0,38.0,10.0,11.0,19.0,0
21.0,31.0,3.0,11.0,8.0,5.0,4.0,35.37,18.78,12477.97,0.22,124.0,0.05,693.22,664.34,48.0,76.0,23.0,18.0,35.0,0
9.0,10.0,0.0,5.0,5.0,5.0,2.0,20.85,12.0,3003.02,0.08,51.0,0.08,166.83,250.25,21.0,30.0,14.0,16.0,12.0,0
3.0,5.0,4.0,2.0,1.0,1.0,2.0,11.34,9.8,1089.11,0.04,31.0,0.1,60.51,111.13,14.0,17.0,5.0,7.0,7.0,0
7.0,10.0,3.0,4.0,3.0,1.0,2.0,27.02,8.25,1838.97,0.07,48.0,0.12,102.16,222.91,21.0,27.0,14.0,11.0,12.0,0
9.0,11.0,0.0,5.0,1.0,3.0,3.0,11.2,22.75,5798.42,0.08,60.0,0.04,322.13,254.88,21.0,39.0,6.0,13.0,14.0,0
5.0,7.0,0.0,3.0,2.0,3.0,2.0,15.91,8.13,1050.3,0.04,31.0,0.12,58.35,129.27,13.0,18.0,8.0,10.0,9.0,0
5.0,7.0,0.0,3.0,1.0,1.0,2.0,12.87,8.75,985.14,0.04,27.0,0.11,54.73,112.59,14.0,13.0,8.0,10.0,9.0,0
7.0,5.0,0.0,4.0,2.0,4.0,1.0,7.46,11.0,902.49,0.03,21.0,0.09,50.14,82.04,8.0,13.0,4.0,11.0,6.0,0
3.0,6.0,3.0,2.0,2.0,1.0,2.0,13.87,4.67,302.05,0.02,17.0,0.21,16.78,64.73,7.0,10.0,6.0,8.0,8.0,0
5.0,5.0,0.0,3.0,1.0,1.0,2.0,9.87,9.0,799.29,0.03,24.0,0.11,44.41,88.81,8.0,16.0,4.0,9.0,7.0,0
7.0,14.0,34.0,4.0,4.0,1.0,4.0,37.53,5.79,1256.26,0.07,48.0,0.17,69.79,217.13,18.0,30.0,14.0,9.0,18.0,0
5.0,21.0,3.0,3.0,1.0,1.0,4.0,28.25,18.42,9580.18,0.17,105.0,0.05,532.23,520.19,51.0,54.0,18.0,13.0,25.0,0
11.0,16.0,0.0,6.0,2.0,1.0,4.0,14.48,20.45,6057.16,0.1,63.0,0.05,336.51,296.13,30.0,33.0,11.0,15.0,20.0,0
3.0,1.0,0.0,2.0,1.0,1.0,1.0,14.8,3.5,181.32,0.02,14.0,0.29,10.07,51.81,6.0,8.0,6.0,7.0,2.0,0
17.0,28.0,0.0,10.0,5.0,6.0,3.0,27.69,20.43,11551.11,0.19,107.0,0.05,641.73,565.54,43.0,64.0,20.0,19.0,31.0,0
5.0,11.0,0.0,3.0,3.0,1.0,3.0,21.31,10.4,2305.21,0.07,49.0,0.1,128.07,221.65,16.0,33.0,10.0,13.0,14.0,0
39.0,129.0,73.0,20.0,16.0,10.0,17.0,93.49,45.59,194350.1,1.42,655.0,0.02,10797.23,4262.61,286.0,369.0,69.0,22.0,146.0,0
3.0,2.0,0.0,2.0,2.0,1.0,1.0,6.16,10.67,701.11,0.02,19.0,0.09,38.95,65.73,8.0,11.0,3.0,8.0,3.0,0
